
-- DATOS ALUMNO

Insert into SYSMATRICULAS.ALUMNO (ALUMNOCODIGO,ALUMNONOMBRE,ALUMNODIRECCION,ALUMNOTELEFONO,ALUMNOEMAIL,ALUMNOESTADO) values ('00001','ESTEFANIA AROCAS PASADAS','ZARAGOZA','938205580','africa@altecom.es','1');
Insert into SYSMATRICULAS.ALUMNO (ALUMNOCODIGO,ALUMNONOMBRE,ALUMNODIRECCION,ALUMNOTELEFONO,ALUMNOEMAIL,ALUMNOESTADO) values ('00002','QUERALT VISO GILABERT','BARCELONA','936545115','agata@hotmail.com','1');
Insert into SYSMATRICULAS.ALUMNO (ALUMNOCODIGO,ALUMNONOMBRE,ALUMNODIRECCION,ALUMNOTELEFONO,ALUMNOEMAIL,ALUMNOESTADO) values ('00003','JOAN AYALA FERRERAS','ZARAGOZA','938202768',null,'1');
Insert into SYSMATRICULAS.ALUMNO (ALUMNOCODIGO,ALUMNONOMBRE,ALUMNODIRECCION,ALUMNOTELEFONO,ALUMNOEMAIL,ALUMNOESTADO) values ('00004','JOAN BAEZ TEJADO','ZARAGOZA','938727844','albatros@wandoo.es','1');
Insert into SYSMATRICULAS.ALUMNO (ALUMNOCODIGO,ALUMNONOMBRE,ALUMNODIRECCION,ALUMNOTELEFONO,ALUMNOEMAIL,ALUMNOESTADO) values ('00005','MARC BASTARDES SOTO','TARRAGONA','938350521','albert@intercom.es','1');
Insert into SYSMATRICULAS.ALUMNO (ALUMNOCODIGO,ALUMNONOMBRE,ALUMNODIRECCION,ALUMNOTELEFONO,ALUMNOEMAIL,ALUMNOESTADO) values ('00006','JOSEP ANGUERA VILAFRANCA','VALENCIA','938755645','alien@intercom.es','1');
Insert into SYSMATRICULAS.ALUMNO (ALUMNOCODIGO,ALUMNONOMBRE,ALUMNODIRECCION,ALUMNOTELEFONO,ALUMNOEMAIL,ALUMNOESTADO) values ('00007','ESTHER PASCUAL ALOY','GIRONA','936520547','amores@hotmail.com','1');
Insert into SYSMATRICULAS.ALUMNO (ALUMNOCODIGO,ALUMNONOMBRE,ALUMNODIRECCION,ALUMNOTELEFONO,ALUMNOEMAIL,ALUMNOESTADO) values ('00008','LAURA VALLES GIRVENT','TARRAGONA','936565656','anabel@altecom.es','1');
Insert into SYSMATRICULAS.ALUMNO (ALUMNOCODIGO,ALUMNONOMBRE,ALUMNODIRECCION,ALUMNOTELEFONO,ALUMNOEMAIL,ALUMNOESTADO) values ('00009','RAQUEL RAYA GARCIA','BARCELONA','936752156','antiga@minorisa.es','1');
Insert into SYSMATRICULAS.ALUMNO (ALUMNOCODIGO,ALUMNONOMBRE,ALUMNODIRECCION,ALUMNOTELEFONO,ALUMNOEMAIL,ALUMNOESTADO) values ('00010','JOAN ANDREU CRUZ','TARRAGONA','938300025','ballador@hotmail.com','1');
Insert into SYSMATRICULAS.ALUMNO (ALUMNOCODIGO,ALUMNONOMBRE,ALUMNODIRECCION,ALUMNOTELEFONO,ALUMNOEMAIL,ALUMNOESTADO) values ('00011','MARIA ISABEL BARALDES COMAS','LLEIDA','938385567','balladora@altecom.es','1');
Insert into SYSMATRICULAS.ALUMNO (ALUMNOCODIGO,ALUMNONOMBRE,ALUMNODIRECCION,ALUMNOTELEFONO,ALUMNOEMAIL,ALUMNOESTADO) values ('00012','ADRI BERENGUERAS CULLERES','VALENCIA','937809812','barbilla@hotmail.com','1');
Insert into SYSMATRICULAS.ALUMNO (ALUMNOCODIGO,ALUMNONOMBRE,ALUMNODIRECCION,ALUMNOTELEFONO,ALUMNOEMAIL,ALUMNOESTADO) values ('00013','GERARD LOPEZ DE PABLO GARCIA UCEDA','ZARAGOZA','936520741','besugo@minorisa.es','1');
Insert into SYSMATRICULAS.ALUMNO (ALUMNOCODIGO,ALUMNONOMBRE,ALUMNODIRECCION,ALUMNOTELEFONO,ALUMNOEMAIL,ALUMNOESTADO) values ('00014','ELIOT ARNAU MORENO','GIRONA','938202456','bogart@terra.es','1');
Insert into SYSMATRICULAS.ALUMNO (ALUMNOCODIGO,ALUMNONOMBRE,ALUMNODIRECCION,ALUMNOTELEFONO,ALUMNOEMAIL,ALUMNOESTADO) values ('00015','JORDI RAYA GAVILAN','LLEIDA','938754554','bond@terra.es','1');
Insert into SYSMATRICULAS.ALUMNO (ALUMNOCODIGO,ALUMNONOMBRE,ALUMNODIRECCION,ALUMNOTELEFONO,ALUMNOEMAIL,ALUMNOESTADO) values ('00016','LLUIS ZAMBUDIO FIGULS','LLEIDA','936875544',null,'1');
Insert into SYSMATRICULAS.ALUMNO (ALUMNOCODIGO,ALUMNONOMBRE,ALUMNODIRECCION,ALUMNOTELEFONO,ALUMNOEMAIL,ALUMNOESTADO) values ('00017','LAURA BIDAULT CULLERES','VALENCIA','935880712','cabeza larga@cataloniamail.com','1');
Insert into SYSMATRICULAS.ALUMNO (ALUMNOCODIGO,ALUMNONOMBRE,ALUMNODIRECCION,ALUMNOTELEFONO,ALUMNOEMAIL,ALUMNOESTADO) values ('00018','JORDI BIOSCA FONTANET','ZARAGOZA','936875255',null,'1');
Insert into SYSMATRICULAS.ALUMNO (ALUMNOCODIGO,ALUMNONOMBRE,ALUMNODIRECCION,ALUMNOTELEFONO,ALUMNOEMAIL,ALUMNOESTADO) values ('00019','DOUNYA ZAFRA FIGULS','TARRAGONA','936542775',null,'1');
Insert into SYSMATRICULAS.ALUMNO (ALUMNOCODIGO,ALUMNONOMBRE,ALUMNODIRECCION,ALUMNOTELEFONO,ALUMNOEMAIL,ALUMNOESTADO) values ('00020','JULIO ALEU ICART','BARCELONA','938773545','cangur@intercom.es','1');
Insert into SYSMATRICULAS.ALUMNO (ALUMNOCODIGO,ALUMNONOMBRE,ALUMNODIRECCION,ALUMNOTELEFONO,ALUMNOEMAIL,ALUMNOESTADO) values ('00021','ANDREU BADIA TORNE','VALENCIA','938200022',null,'1');
Insert into SYSMATRICULAS.ALUMNO (ALUMNOCODIGO,ALUMNONOMBRE,ALUMNODIRECCION,ALUMNOTELEFONO,ALUMNOEMAIL,ALUMNOESTADO) values ('00022','RAMON MORALES GESE','TARRAGONA','936512545',null,'1');
Insert into SYSMATRICULAS.ALUMNO (ALUMNOCODIGO,ALUMNONOMBRE,ALUMNODIRECCION,ALUMNOTELEFONO,ALUMNOEMAIL,ALUMNOESTADO) values ('00023','DAVID-JESE BLANCO FONTANET','LLEIDA','937785655','caparranas@altecom.es','1');
Insert into SYSMATRICULAS.ALUMNO (ALUMNOCODIGO,ALUMNONOMBRE,ALUMNODIRECCION,ALUMNOTELEFONO,ALUMNOEMAIL,ALUMNOESTADO) values ('00024','ARAN ALVAREZ FERNANDEZ','MADRID','938300385',null,'1');
Insert into SYSMATRICULAS.ALUMNO (ALUMNOCODIGO,ALUMNONOMBRE,ALUMNODIRECCION,ALUMNOTELEFONO,ALUMNOEMAIL,ALUMNOESTADO) values ('00025','GEMMA GARCIA ALMOGUERA','BARCELONA','936520471',null,'1');
Insert into SYSMATRICULAS.ALUMNO (ALUMNOCODIGO,ALUMNONOMBRE,ALUMNODIRECCION,ALUMNOTELEFONO,ALUMNOEMAIL,ALUMNOESTADO) values ('00026','IVAN LIBORI FIGUERAS','GIRONA','936012445','carretero@intercom.es','1');
Insert into SYSMATRICULAS.ALUMNO (ALUMNOCODIGO,ALUMNONOMBRE,ALUMNODIRECCION,ALUMNOTELEFONO,ALUMNOEMAIL,ALUMNOESTADO) values ('00027','DAVID BIDAULT PUEYO','BARCELONA','934500611','cela@altecom.es','1');
Insert into SYSMATRICULAS.ALUMNO (ALUMNOCODIGO,ALUMNONOMBRE,ALUMNODIRECCION,ALUMNOTELEFONO,ALUMNOEMAIL,ALUMNOESTADO) values ('00028','XAVIER BENITEZ JOSE','GIRONA','937885544','coco@hotmail.com','1');
Insert into SYSMATRICULAS.ALUMNO (ALUMNOCODIGO,ALUMNONOMBRE,ALUMNODIRECCION,ALUMNOTELEFONO,ALUMNOEMAIL,ALUMNOESTADO) values ('00029','MARIO PASCUAL FLORES','GIRONA','936512105','conejo@minorisa.es','1');
Insert into SYSMATRICULAS.ALUMNO (ALUMNOCODIGO,ALUMNONOMBRE,ALUMNODIRECCION,ALUMNOTELEFONO,ALUMNOEMAIL,ALUMNOESTADO) values ('00030','JESUS AYALA TORNE','GIRONA','938202200','corcel@altecom.es','1');
Insert into SYSMATRICULAS.ALUMNO (ALUMNOCODIGO,ALUMNONOMBRE,ALUMNODIRECCION,ALUMNOTELEFONO,ALUMNOEMAIL,ALUMNOESTADO) values ('00031','GEMMA LISTAN FIGUERAS','MADRID','939965585',null,'1');
Insert into SYSMATRICULAS.ALUMNO (ALUMNOCODIGO,ALUMNONOMBRE,ALUMNODIRECCION,ALUMNOTELEFONO,ALUMNOEMAIL,ALUMNOESTADO) values ('00032','SILVIA RASERO GAVILAN','BARCELONA','936541235','curie@minorisa.es','1');
Insert into SYSMATRICULAS.ALUMNO (ALUMNOCODIGO,ALUMNONOMBRE,ALUMNODIRECCION,ALUMNOTELEFONO,ALUMNOEMAIL,ALUMNOESTADO) values ('00033','ALBERT ARNALOT PUIG','LLEIDA','938204054','dalí@wandoo.es','1');
Insert into SYSMATRICULAS.ALUMNO (ALUMNOCODIGO,ALUMNONOMBRE,ALUMNODIRECCION,ALUMNOTELEFONO,ALUMNOEMAIL,ALUMNOESTADO) values ('00034','MARIA MOLINER GARRIDO','TARRAGONA','936584541',null,'1');
Insert into SYSMATRICULAS.ALUMNO (ALUMNOCODIGO,ALUMNONOMBRE,ALUMNODIRECCION,ALUMNOTELEFONO,ALUMNOEMAIL,ALUMNOESTADO) values ('00035','BERTA GALOBART GARCIA','ZARAGOZA','934111475','dolça@cidet.com','1');
Insert into SYSMATRICULAS.ALUMNO (ALUMNOCODIGO,ALUMNONOMBRE,ALUMNODIRECCION,ALUMNOTELEFONO,ALUMNOEMAIL,ALUMNOESTADO) values ('00036','BERTA LOPEZ GARRIGASSAIT','ZARAGOZA','935687444','dorada@intercom.es','1');
Insert into SYSMATRICULAS.ALUMNO (ALUMNOCODIGO,ALUMNONOMBRE,ALUMNODIRECCION,ALUMNOTELEFONO,ALUMNOEMAIL,ALUMNOESTADO) values ('00037','MIREIA SANCHEZ GOMEZ','LLEIDA','936658711','elisa@altecom.es','1');
Insert into SYSMATRICULAS.ALUMNO (ALUMNOCODIGO,ALUMNONOMBRE,ALUMNODIRECCION,ALUMNOTELEFONO,ALUMNOEMAIL,ALUMNOESTADO) values ('00038','GEMMA ALAVEDRA SUNYE','BARCELONA','938773941','encarna@hotmail.com','1');
Insert into SYSMATRICULAS.ALUMNO (ALUMNOCODIGO,ALUMNONOMBRE,ALUMNODIRECCION,ALUMNOTELEFONO,ALUMNOEMAIL,ALUMNOESTADO) values ('00039','MARIA ISABEL ALIGUE BONVEHI','LLEIDA','938305295','entesa@altecom.es','1');
Insert into SYSMATRICULAS.ALUMNO (ALUMNOCODIGO,ALUMNONOMBRE,ALUMNODIRECCION,ALUMNOTELEFONO,ALUMNOEMAIL,ALUMNOESTADO) values ('00040','TONI MAS FRANCH','LLEIDA','936524446',null,'1');
Insert into SYSMATRICULAS.ALUMNO (ALUMNOCODIGO,ALUMNONOMBRE,ALUMNODIRECCION,ALUMNOTELEFONO,ALUMNOEMAIL,ALUMNOESTADO) values ('00041','ALEJANDRO ALOY COMPTE','MADRID','938305551',null,'1');
Insert into SYSMATRICULAS.ALUMNO (ALUMNOCODIGO,ALUMNONOMBRE,ALUMNODIRECCION,ALUMNOTELEFONO,ALUMNOEMAIL,ALUMNOESTADO) values ('00042','JOAN MARTI ASENSIO VEGA','ZARAGOZA','938206097','et@altecom.es','1');
Insert into SYSMATRICULAS.ALUMNO (ALUMNOCODIGO,ALUMNONOMBRE,ALUMNODIRECCION,ALUMNOTELEFONO,ALUMNOEMAIL,ALUMNOESTADO) values ('00043','INGRID BIDAULT PEREZ','LLEIDA','934500644',null,'1');
Insert into SYSMATRICULAS.ALUMNO (ALUMNOCODIGO,ALUMNONOMBRE,ALUMNODIRECCION,ALUMNOTELEFONO,ALUMNOEMAIL,ALUMNOESTADO) values ('00044','OLIVER ALOY CODINACHS','LLEIDA','938305594',null,'1');
Insert into SYSMATRICULAS.ALUMNO (ALUMNOCODIGO,ALUMNONOMBRE,ALUMNODIRECCION,ALUMNOTELEFONO,ALUMNOEMAIL,ALUMNOESTADO) values ('00045','SANDRA ALTIMIRAS ARMENTEROS','BARCELONA','938300422','experta@wandoo.es','1');
Insert into SYSMATRICULAS.ALUMNO (ALUMNOCODIGO,ALUMNONOMBRE,ALUMNODIRECCION,ALUMNOTELEFONO,ALUMNOEMAIL,ALUMNOESTADO) values ('00046','JORDI BELMONTE SANCHEZ','MADRID','938350511','f5@wandoo.es','1');
Insert into SYSMATRICULAS.ALUMNO (ALUMNOCODIGO,ALUMNONOMBRE,ALUMNODIRECCION,ALUMNOTELEFONO,ALUMNOEMAIL,ALUMNOESTADO) values ('00047','MARC BAJONA GARCIA','ZARAGOZA','938727589',null,'1');
Insert into SYSMATRICULAS.ALUMNO (ALUMNOCODIGO,ALUMNONOMBRE,ALUMNODIRECCION,ALUMNOTELEFONO,ALUMNOEMAIL,ALUMNOESTADO) values ('00048','JORDINA AGUILAR RODRIGUEZ','BARCELONA','938208488',null,'1');
Insert into SYSMATRICULAS.ALUMNO (ALUMNOCODIGO,ALUMNONOMBRE,ALUMNODIRECCION,ALUMNOTELEFONO,ALUMNOEMAIL,ALUMNOESTADO) values ('00049','MARIA JOSE BARRIGA SOTO','TARRAGONA','938320587','fina@hotmail.com','1');
Insert into SYSMATRICULAS.ALUMNO (ALUMNOCODIGO,ALUMNONOMBRE,ALUMNODIRECCION,ALUMNOTELEFONO,ALUMNOEMAIL,ALUMNOESTADO) values ('00050','RAQUEL AVILA MASJUAN','GIRONA','938203095','fuego@altecom.es','1');
Insert into SYSMATRICULAS.ALUMNO (ALUMNOCODIGO,ALUMNONOMBRE,ALUMNODIRECCION,ALUMNOTELEFONO,ALUMNOEMAIL,ALUMNOESTADO) values ('00051','ENRIC PARRAMON FLORES','BARCELONA','934555455',null,'1');
Insert into SYSMATRICULAS.ALUMNO (ALUMNOCODIGO,ALUMNONOMBRE,ALUMNODIRECCION,ALUMNOTELEFONO,ALUMNOEMAIL,ALUMNOESTADO) values ('00052','MARTA AGUILAR RAMOS','TARRAGONA','938208502','garota@hotmail.com','1');
Insert into SYSMATRICULAS.ALUMNO (ALUMNOCODIGO,ALUMNONOMBRE,ALUMNODIRECCION,ALUMNOTELEFONO,ALUMNOEMAIL,ALUMNOESTADO) values ('00053','CARLA AYALA ALSINA','ZARAGOZA','938205245',null,'1');
Insert into SYSMATRICULAS.ALUMNO (ALUMNOCODIGO,ALUMNONOMBRE,ALUMNODIRECCION,ALUMNOTELEFONO,ALUMNOEMAIL,ALUMNOESTADO) values ('00054','MARIA NOELIA ALVAREZ TROYANO','TARRAGONA','938300374','gateta@cataloniamail.com','1');
Insert into SYSMATRICULAS.ALUMNO (ALUMNOCODIGO,ALUMNONOMBRE,ALUMNODIRECCION,ALUMNOTELEFONO,ALUMNOEMAIL,ALUMNOESTADO) values ('00055','CRISTINA ALINS GONZALEZ','BARCELONA','938305576',null,'1');
Insert into SYSMATRICULAS.ALUMNO (ALUMNOCODIGO,ALUMNONOMBRE,ALUMNODIRECCION,ALUMNOTELEFONO,ALUMNOEMAIL,ALUMNOESTADO) values ('00056','CARLOS ACUÑA TORT','VALENCIA','938208614','groucho@intercom.es','1');
Insert into SYSMATRICULAS.ALUMNO (ALUMNOCODIGO,ALUMNONOMBRE,ALUMNODIRECCION,ALUMNOTELEFONO,ALUMNOEMAIL,ALUMNOESTADO) values ('00057','DAVID ALGUE TRANCHO','MADRID','938770077','harpo@hotmail.com','1');
Insert into SYSMATRICULAS.ALUMNO (ALUMNOCODIGO,ALUMNONOMBRE,ALUMNODIRECCION,ALUMNOTELEFONO,ALUMNOEMAIL,ALUMNOESTADO) values ('00058','CRISTIAN BADIA CASTILLO','GIRONA','938200713','hispa@cataloniamail.com','1');
Insert into SYSMATRICULAS.ALUMNO (ALUMNOCODIGO,ALUMNONOMBRE,ALUMNODIRECCION,ALUMNOTELEFONO,ALUMNOEMAIL,ALUMNOESTADO) values ('00059','JULIO ALBERTO BENITEZ FLORES','BARCELONA','938270685',null,'1');
Insert into SYSMATRICULAS.ALUMNO (ALUMNOCODIGO,ALUMNONOMBRE,ALUMNODIRECCION,ALUMNOTELEFONO,ALUMNOEMAIL,ALUMNOESTADO) values ('00060','SERGI TORRUELLA GARCIA','ZARAGOZA','936021048','huevo@terra.es','1');
Insert into SYSMATRICULAS.ALUMNO (ALUMNOCODIGO,ALUMNONOMBRE,ALUMNODIRECCION,ALUMNOTELEFONO,ALUMNOEMAIL,ALUMNOESTADO) values ('00061','ALEIX ALBERICH RODRIGUEZ','TARRAGONA','938773933','james dean@intercom.es','1');
Insert into SYSMATRICULAS.ALUMNO (ALUMNOCODIGO,ALUMNONOMBRE,ALUMNODIRECCION,ALUMNOTELEFONO,ALUMNOEMAIL,ALUMNOESTADO) values ('00062','VERONICA ARMENCOT PUIG','ZARAGOZA','938206766','jéssica@hotmail.com','1');
Insert into SYSMATRICULAS.ALUMNO (ALUMNOCODIGO,ALUMNONOMBRE,ALUMNODIRECCION,ALUMNOTELEFONO,ALUMNOEMAIL,ALUMNOESTADO) values ('00063','MARIONA ALIGUE RIVERA','ZARAGOZA','938305223',null,'1');
Insert into SYSMATRICULAS.ALUMNO (ALUMNOCODIGO,ALUMNONOMBRE,ALUMNODIRECCION,ALUMNOTELEFONO,ALUMNOEMAIL,ALUMNOESTADO) values ('00064','MARC BARRIGA RIU','ZARAGOZA','938325565',null,'1');
Insert into SYSMATRICULAS.ALUMNO (ALUMNOCODIGO,ALUMNONOMBRE,ALUMNODIRECCION,ALUMNOTELEFONO,ALUMNOEMAIL,ALUMNOESTADO) values ('00065','GEMMA PORTELLA GISPETS','GIRONA','936565448',null,'1');
Insert into SYSMATRICULAS.ALUMNO (ALUMNOCODIGO,ALUMNONOMBRE,ALUMNODIRECCION,ALUMNOTELEFONO,ALUMNOEMAIL,ALUMNOESTADO) values ('00066','RICARD AGUILERA BAENA','MADRID','938208360',null,'1');
Insert into SYSMATRICULAS.ALUMNO (ALUMNOCODIGO,ALUMNONOMBRE,ALUMNODIRECCION,ALUMNOTELEFONO,ALUMNOEMAIL,ALUMNOESTADO) values ('00067','JUAN RODRIGUEZ GARCIA','MADRID','936549889','llus@hotmail.com','1');
Insert into SYSMATRICULAS.ALUMNO (ALUMNOCODIGO,ALUMNONOMBRE,ALUMNODIRECCION,ALUMNOTELEFONO,ALUMNOEMAIL,ALUMNOESTADO) values ('00068','MARTA AGUILAR SUNYE','TARRAGONA','938208677',null,'1');
Insert into SYSMATRICULAS.ALUMNO (ALUMNOCODIGO,ALUMNONOMBRE,ALUMNODIRECCION,ALUMNOTELEFONO,ALUMNOEMAIL,ALUMNOESTADO) values ('00069','NATLIA BARRIGA TARD','MADRID','938325558','madonna@wandoo.es','1');
Insert into SYSMATRICULAS.ALUMNO (ALUMNOCODIGO,ALUMNONOMBRE,ALUMNODIRECCION,ALUMNOTELEFONO,ALUMNOEMAIL,ALUMNOESTADO) values ('00070','MARTA BARCONS LARA','BARCELONA','938360281','mata hari@intercom.es','1');
Insert into SYSMATRICULAS.ALUMNO (ALUMNOCODIGO,ALUMNONOMBRE,ALUMNODIRECCION,ALUMNOTELEFONO,ALUMNOEMAIL,ALUMNOESTADO) values ('00071','LAURA AGUILERA TATJE','VALENCIA','938208380','melanie@minorisa.es','1');
Insert into SYSMATRICULAS.ALUMNO (ALUMNOCODIGO,ALUMNONOMBRE,ALUMNODIRECCION,ALUMNOTELEFONO,ALUMNOEMAIL,ALUMNOESTADO) values ('00072','JOAN ALEU PRAT','GIRONA','938770878','melquíades@hotmail.com','1');
Insert into SYSMATRICULAS.ALUMNO (ALUMNOCODIGO,ALUMNONOMBRE,ALUMNODIRECCION,ALUMNOTELEFONO,ALUMNOEMAIL,ALUMNOESTADO) values ('00073','ALEXIA VALLES GIRVENT','VALENCIA','936874511','merche@terra.es','1');
Insert into SYSMATRICULAS.ALUMNO (ALUMNOCODIGO,ALUMNONOMBRE,ALUMNODIRECCION,ALUMNOTELEFONO,ALUMNOEMAIL,ALUMNOESTADO) values ('00074','FERRAN MOLINA GARRIDO','GIRONA','936548745','midas@cataloniamail.com','1');
Insert into SYSMATRICULAS.ALUMNO (ALUMNOCODIGO,ALUMNONOMBRE,ALUMNODIRECCION,ALUMNOTELEFONO,ALUMNOEMAIL,ALUMNOESTADO) values ('00075','CRISTINA ARISSA HERMOSO','TARRAGONA','938755512','mona lisa@minorisa.es','1');
Insert into SYSMATRICULAS.ALUMNO (ALUMNOCODIGO,ALUMNONOMBRE,ALUMNODIRECCION,ALUMNOTELEFONO,ALUMNOEMAIL,ALUMNOESTADO) values ('00076','JOSE ANTONIO BARALDES PARDO','BARCELONA','938722096','moro@minorisa.es','1');
Insert into SYSMATRICULAS.ALUMNO (ALUMNOCODIGO,ALUMNONOMBRE,ALUMNODIRECCION,ALUMNOTELEFONO,ALUMNOEMAIL,ALUMNOESTADO) values ('00077','JORDI SUAREZ GARZON','VALENCIA','934512544','mozart@wandoo.es','1');
Insert into SYSMATRICULAS.ALUMNO (ALUMNOCODIGO,ALUMNONOMBRE,ALUMNODIRECCION,ALUMNOTELEFONO,ALUMNOEMAIL,ALUMNOESTADO) values ('00078','BEGONYA ARPA MORENO','LLEIDA','938205011',null,'1');
Insert into SYSMATRICULAS.ALUMNO (ALUMNOCODIGO,ALUMNONOMBRE,ALUMNODIRECCION,ALUMNOTELEFONO,ALUMNOEMAIL,ALUMNOESTADO) values ('00079','INGRID ALOY FARRANDO','BARCELONA','938300864',null,'1');
Insert into SYSMATRICULAS.ALUMNO (ALUMNOCODIGO,ALUMNONOMBRE,ALUMNODIRECCION,ALUMNOTELEFONO,ALUMNOEMAIL,ALUMNOESTADO) values ('00080','MIQUEL LUQUE GARRIGASAIT','LLEIDA','933256844','napoleon@cidet.com','1');
Insert into SYSMATRICULAS.ALUMNO (ALUMNOCODIGO,ALUMNONOMBRE,ALUMNODIRECCION,ALUMNOTELEFONO,ALUMNOEMAIL,ALUMNOESTADO) values ('00081','AGUSTI RIDO GOMEZ','TARRAGONA','936528779','orondo@altecom.es','1');
Insert into SYSMATRICULAS.ALUMNO (ALUMNOCODIGO,ALUMNONOMBRE,ALUMNODIRECCION,ALUMNOTELEFONO,ALUMNOEMAIL,ALUMNOESTADO) values ('00082','ANTONI SANTAMARIA FLOTATS','GIRONA','931021886','papagayo@altecom.es','1');
Insert into SYSMATRICULAS.ALUMNO (ALUMNOCODIGO,ALUMNONOMBRE,ALUMNODIRECCION,ALUMNOTELEFONO,ALUMNOEMAIL,ALUMNOESTADO) values ('00083','JOAN HERMS GOMEZ','ZARAGOZA','936201457',null,'1');
Insert into SYSMATRICULAS.ALUMNO (ALUMNOCODIGO,ALUMNONOMBRE,ALUMNODIRECCION,ALUMNOTELEFONO,ALUMNOEMAIL,ALUMNOESTADO) values ('00084','MONICA ARTIGAS MATURANO','LLEIDA','938207515','pasión@altecom.es','1');
Insert into SYSMATRICULAS.ALUMNO (ALUMNOCODIGO,ALUMNONOMBRE,ALUMNODIRECCION,ALUMNOTELEFONO,ALUMNOEMAIL,ALUMNOESTADO) values ('00085','GERARD AGUILAR MASANA','MADRID','938208558',null,'1');
Insert into SYSMATRICULAS.ALUMNO (ALUMNOCODIGO,ALUMNONOMBRE,ALUMNODIRECCION,ALUMNOTELEFONO,ALUMNOEMAIL,ALUMNOESTADO) values ('00086','GEMMA ALTIMIRAS SERAROLS','VALENCIA','938300496','pelusa@hotmail.com','1');
Insert into SYSMATRICULAS.ALUMNO (ALUMNOCODIGO,ALUMNONOMBRE,ALUMNODIRECCION,ALUMNOTELEFONO,ALUMNOEMAIL,ALUMNOESTADO) values ('00087','MARIA TORRESCASANA GARCIA','LLEIDA','930120545','perla@cataloniamail.com','1');
Insert into SYSMATRICULAS.ALUMNO (ALUMNOCODIGO,ALUMNONOMBRE,ALUMNODIRECCION,ALUMNOTELEFONO,ALUMNOEMAIL,ALUMNOESTADO) values ('00088','ORIOL ARIZA PUIGBO','GIRONA','938207095',null,'1');
Insert into SYSMATRICULAS.ALUMNO (ALUMNOCODIGO,ALUMNONOMBRE,ALUMNODIRECCION,ALUMNOTELEFONO,ALUMNOEMAIL,ALUMNOESTADO) values ('00089','VIRGINIA ALVAREZ ARMENTEROS','BARCELONA','938300214',null,'1');
Insert into SYSMATRICULAS.ALUMNO (ALUMNOCODIGO,ALUMNONOMBRE,ALUMNODIRECCION,ALUMNOTELEFONO,ALUMNOEMAIL,ALUMNOESTADO) values ('00090','DAMI BARALDES TARRAGO','TARRAGONA','938727244','psicosis@intercom.es','1');
Insert into SYSMATRICULAS.ALUMNO (ALUMNOCODIGO,ALUMNONOMBRE,ALUMNODIRECCION,ALUMNOTELEFONO,ALUMNOEMAIL,ALUMNOESTADO) values ('00091','VALENTI GARCIA GARCIA','BARCELONA','936565874',null,'1');
Insert into SYSMATRICULAS.ALUMNO (ALUMNOCODIGO,ALUMNONOMBRE,ALUMNODIRECCION,ALUMNOTELEFONO,ALUMNOEMAIL,ALUMNOESTADO) values ('00092','AINA AROCA GOMEZ','TARRAGONA','938205782','rebeca@cataloniamail.com','1');
Insert into SYSMATRICULAS.ALUMNO (ALUMNOCODIGO,ALUMNONOMBRE,ALUMNODIRECCION,ALUMNOTELEFONO,ALUMNOEMAIL,ALUMNOESTADO) values ('00093','DAVID ALONSO RODRIGUEZ','GIRONA','938305551','rebelde@intercom.es','1');
Insert into SYSMATRICULAS.ALUMNO (ALUMNOCODIGO,ALUMNONOMBRE,ALUMNODIRECCION,ALUMNOTELEFONO,ALUMNOEMAIL,ALUMNOESTADO) values ('00094','GERARD CANO GOMEZ','ZARAGOZA','936577225',null,'1');
Insert into SYSMATRICULAS.ALUMNO (ALUMNOCODIGO,ALUMNONOMBRE,ALUMNODIRECCION,ALUMNOTELEFONO,ALUMNOEMAIL,ALUMNOESTADO) values ('00095','MARTA ALCAIDE MOLINA','LLEIDA','938773647',null,'1');
Insert into SYSMATRICULAS.ALUMNO (ALUMNOCODIGO,ALUMNONOMBRE,ALUMNODIRECCION,ALUMNOTELEFONO,ALUMNOEMAIL,ALUMNOESTADO) values ('00096','MIREIA AGUILERA PRAT','LLEIDA','938208054','rene@intercom.es','1');
Insert into SYSMATRICULAS.ALUMNO (ALUMNOCODIGO,ALUMNONOMBRE,ALUMNODIRECCION,ALUMNOTELEFONO,ALUMNOEMAIL,ALUMNOESTADO) values ('00097','ELOI ALAPONT ICART','LLEIDA','938208054',null,'1');
Insert into SYSMATRICULAS.ALUMNO (ALUMNOCODIGO,ALUMNONOMBRE,ALUMNODIRECCION,ALUMNOTELEFONO,ALUMNOEMAIL,ALUMNOESTADO) values ('00098','ANNA RIVERO FLORIDO','VALENCIA','930712563','rica@terra.es','1');
Insert into SYSMATRICULAS.ALUMNO (ALUMNOCODIGO,ALUMNONOMBRE,ALUMNODIRECCION,ALUMNOTELEFONO,ALUMNOEMAIL,ALUMNOESTADO) values ('00099','ALBA AVILA MASJUAN','VALENCIA','938204078','rockera@terra.es','1');
Insert into SYSMATRICULAS.ALUMNO (ALUMNOCODIGO,ALUMNONOMBRE,ALUMNODIRECCION,ALUMNOTELEFONO,ALUMNOEMAIL,ALUMNOESTADO) values ('00100','SANDRA GRANADOS ANDRES','BARCELONA','936871045',null,'1');
Insert into SYSMATRICULAS.ALUMNO (ALUMNOCODIGO,ALUMNONOMBRE,ALUMNODIRECCION,ALUMNOTELEFONO,ALUMNOEMAIL,ALUMNOESTADO) values ('00101','ERIC FERRER GASSET','VALENCIA','938745211','roman@wandoo.es','1');
Insert into SYSMATRICULAS.ALUMNO (ALUMNOCODIGO,ALUMNONOMBRE,ALUMNODIRECCION,ALUMNOTELEFONO,ALUMNOEMAIL,ALUMNOESTADO) values ('00102','LLUIS AMIGO MODREGO','ZARAGOZA','938300065',null,'1');
Insert into SYSMATRICULAS.ALUMNO (ALUMNOCODIGO,ALUMNONOMBRE,ALUMNODIRECCION,ALUMNOTELEFONO,ALUMNOEMAIL,ALUMNOESTADO) values ('00103','CRISTIAN ABDIN TATJE','GIRONA','938208674','romeo@intercom.es','1');
Insert into SYSMATRICULAS.ALUMNO (ALUMNOCODIGO,ALUMNONOMBRE,ALUMNODIRECCION,ALUMNOTELEFONO,ALUMNOEMAIL,ALUMNOESTADO) values ('00104','GUILLEM CANELLAS GOMEZ','ZARAGOZA','930214054',null,'1');
Insert into SYSMATRICULAS.ALUMNO (ALUMNOCODIGO,ALUMNONOMBRE,ALUMNODIRECCION,ALUMNOTELEFONO,ALUMNOEMAIL,ALUMNOESTADO) values ('00105','DIMAS HIDALGO ALTIMIRAS','BARCELONA','936521404','ronc@cataloniamail.com','1');
Insert into SYSMATRICULAS.ALUMNO (ALUMNOCODIGO,ALUMNONOMBRE,ALUMNODIRECCION,ALUMNOTELEFONO,ALUMNOEMAIL,ALUMNOESTADO) values ('00106','ANA INES BASTARDAS FRANCH','ZARAGOZA','938350593','sabrosa@hotmail.com','1');
Insert into SYSMATRICULAS.ALUMNO (ALUMNOCODIGO,ALUMNONOMBRE,ALUMNODIRECCION,ALUMNOTELEFONO,ALUMNOEMAIL,ALUMNOESTADO) values ('00107','IVET ABADIAS MASANA','ZARAGOZA','939962045','salsa@cataloniamail.com','1');
Insert into SYSMATRICULAS.ALUMNO (ALUMNOCODIGO,ALUMNONOMBRE,ALUMNODIRECCION,ALUMNOTELEFONO,ALUMNOEMAIL,ALUMNOESTADO) values ('00108','JULIA AREVALO SANCHEZ','VALENCIA','938755603',null,'1');
Insert into SYSMATRICULAS.ALUMNO (ALUMNOCODIGO,ALUMNONOMBRE,ALUMNODIRECCION,ALUMNOTELEFONO,ALUMNOEMAIL,ALUMNOESTADO) values ('00109','DANIEL ALINS MULET','BARCELONA','938305524',null,'1');
Insert into SYSMATRICULAS.ALUMNO (ALUMNOCODIGO,ALUMNONOMBRE,ALUMNODIRECCION,ALUMNOTELEFONO,ALUMNOEMAIL,ALUMNOESTADO) values ('00110','ABEL GARCIA GONZALEZ','VALENCIA','936571974','sincer@altecom.es','1');
Insert into SYSMATRICULAS.ALUMNO (ALUMNOCODIGO,ALUMNONOMBRE,ALUMNODIRECCION,ALUMNOTELEFONO,ALUMNOEMAIL,ALUMNOESTADO) values ('00111','IRENE ALVAREZ PARCERISA','GIRONA','938300036','sincera@hotmail.com','1');
Insert into SYSMATRICULAS.ALUMNO (ALUMNOCODIGO,ALUMNONOMBRE,ALUMNODIRECCION,ALUMNOTELEFONO,ALUMNOEMAIL,ALUMNOESTADO) values ('00112','ADRI CASAS ANDRES','MADRID','936505455','suau@hotmail.com','1');
Insert into SYSMATRICULAS.ALUMNO (ALUMNOCODIGO,ALUMNONOMBRE,ALUMNODIRECCION,ALUMNOTELEFONO,ALUMNOEMAIL,ALUMNOESTADO) values ('00113','JAIRO MORALES GESE','BARCELONA','936587454','superman@altecom.es','1');
Insert into SYSMATRICULAS.ALUMNO (ALUMNOCODIGO,ALUMNONOMBRE,ALUMNODIRECCION,ALUMNOTELEFONO,ALUMNOEMAIL,ALUMNOESTADO) values ('00114','CRISTINA BARALDES MARTORELL','VALENCIA','938725845','superwoman@wandoo.es','1');
Insert into SYSMATRICULAS.ALUMNO (ALUMNOCODIGO,ALUMNONOMBRE,ALUMNODIRECCION,ALUMNOTELEFONO,ALUMNOEMAIL,ALUMNOESTADO) values ('00115','DAVID AROCA GOMEZ','BARCELONA','938205730','tablon@hotmail.com','1');
Insert into SYSMATRICULAS.ALUMNO (ALUMNOCODIGO,ALUMNONOMBRE,ALUMNODIRECCION,ALUMNOTELEFONO,ALUMNOEMAIL,ALUMNOESTADO) values ('00116','ADRI RUEDA ALVAREZ','MADRID','936828258','tendre@terra.es','1');
Insert into SYSMATRICULAS.ALUMNO (ALUMNOCODIGO,ALUMNONOMBRE,ALUMNODIRECCION,ALUMNOTELEFONO,ALUMNOEMAIL,ALUMNOESTADO) values ('00117','LUCIA ALVAREZ DOMENECH','VALENCIA','938300045','teta@intercom.es','1');
Insert into SYSMATRICULAS.ALUMNO (ALUMNOCODIGO,ALUMNONOMBRE,ALUMNODIRECCION,ALUMNOTELEFONO,ALUMNOEMAIL,ALUMNOESTADO) values ('00118','CARLA BOIX GONZALEZ','TARRAGONA','936521452','tomasa@hotmail.com','1');
Insert into SYSMATRICULAS.ALUMNO (ALUMNOCODIGO,ALUMNONOMBRE,ALUMNODIRECCION,ALUMNOTELEFONO,ALUMNOEMAIL,ALUMNOESTADO) values ('00119','ADRI BARALDES MONROS','VALENCIA','938725885',null,'1');
Insert into SYSMATRICULAS.ALUMNO (ALUMNOCODIGO,ALUMNONOMBRE,ALUMNODIRECCION,ALUMNOTELEFONO,ALUMNOEMAIL,ALUMNOESTADO) values ('00120','MARTA AGUILERA MERINO','VALENCIA','938208303','tremenda@altecom.es','1');
Insert into SYSMATRICULAS.ALUMNO (ALUMNOCODIGO,ALUMNONOMBRE,ALUMNODIRECCION,ALUMNOTELEFONO,ALUMNOEMAIL,ALUMNOESTADO) values ('00121','MARC BAREA HAENE','VALENCIA','938360213','tripa@intercom.es','1');
Insert into SYSMATRICULAS.ALUMNO (ALUMNOCODIGO,ALUMNONOMBRE,ALUMNODIRECCION,ALUMNOTELEFONO,ALUMNOEMAIL,ALUMNOESTADO) values ('00122','ALEX BARROSO HAENE','VALENCIA','938320537','verruga@hotmail.com','1');

-- DATOS CURSO

Insert into SYSMATRICULAS.CURSO (CURSOCODIGO,CURSONOMBRE,CURSOESTADO) values ('00001','JAVA','1');
Insert into SYSMATRICULAS.CURSO (CURSOCODIGO,CURSONOMBRE,CURSOESTADO) values ('00002','ORACLE','1');
Insert into SYSMATRICULAS.CURSO (CURSOCODIGO,CURSONOMBRE,CURSOESTADO) values ('00003','SQL SERVER','1');
Insert into SYSMATRICULAS.CURSO (CURSOCODIGO,CURSONOMBRE,CURSOESTADO) values ('00004','UML','1');
Insert into SYSMATRICULAS.CURSO (CURSOCODIGO,CURSONOMBRE,CURSOESTADO) values ('00005','VISUAL BASIC','1');
Insert into SYSMATRICULAS.CURSO (CURSOCODIGO,CURSONOMBRE,CURSOESTADO) values ('00006','PHP','1');

-- DATOS DOCENTE

Insert into SYSMATRICULAS.DOCENTE (DOCENTECODIGO,DOCENTENOMBRE,DOCENTEDIRECCION,DOCENTETELEFONO,DOCENTEEMAIL,DOCENTEESTADO) values ('00001','ADRIANA PAOLA CUJAR ALARCON','VALENCIA','938770077','madonna@wandoo.es','1');
Insert into SYSMATRICULAS.DOCENTE (DOCENTECODIGO,DOCENTENOMBRE,DOCENTEDIRECCION,DOCENTETELEFONO,DOCENTEEMAIL,DOCENTEESTADO) values ('00002','ADRIANA GIRALDO GOMEZ','MADRID','938200713','mata hari@intercom.es','1');
Insert into SYSMATRICULAS.DOCENTE (DOCENTECODIGO,DOCENTENOMBRE,DOCENTEDIRECCION,DOCENTETELEFONO,DOCENTEEMAIL,DOCENTEESTADO) values ('00003','ADRIANA MARCELA SALCEDO SEGURA','GIRONA','938270685','melanie@minorisa.es','1');
Insert into SYSMATRICULAS.DOCENTE (DOCENTECODIGO,DOCENTENOMBRE,DOCENTEDIRECCION,DOCENTETELEFONO,DOCENTEEMAIL,DOCENTEESTADO) values ('00004','ALEXANDER  DUARTE SANDOVAL','BARCELONA','936021048','melquíades@hotmail.com','1');
Insert into SYSMATRICULAS.DOCENTE (DOCENTECODIGO,DOCENTENOMBRE,DOCENTEDIRECCION,DOCENTETELEFONO,DOCENTEEMAIL,DOCENTEESTADO) values ('00005','ALCIRA SANTANILLA CARVAJAL','ZARAGOZA','938773933','merche@terra.es','1');
Insert into SYSMATRICULAS.DOCENTE (DOCENTECODIGO,DOCENTENOMBRE,DOCENTEDIRECCION,DOCENTETELEFONO,DOCENTEEMAIL,DOCENTEESTADO) values ('00006','AMPARO MONTOYA MONTOYA','TARRAGONA','938206766','midas@cataloniamail.com','1');
Insert into SYSMATRICULAS.DOCENTE (DOCENTECODIGO,DOCENTENOMBRE,DOCENTEDIRECCION,DOCENTETELEFONO,DOCENTEEMAIL,DOCENTEESTADO) values ('00007','ANA MARIA LOZANO SANTOS','ZARAGOZA','938305223','mona lisa@minorisa.es','1');
Insert into SYSMATRICULAS.DOCENTE (DOCENTECODIGO,DOCENTENOMBRE,DOCENTEDIRECCION,DOCENTETELEFONO,DOCENTEEMAIL,DOCENTEESTADO) values ('00008','ANDREA ARIZA ZAMBRANO','ZARAGOZA','938325565','moro@minorisa.es','1');
Insert into SYSMATRICULAS.DOCENTE (DOCENTECODIGO,DOCENTENOMBRE,DOCENTEDIRECCION,DOCENTETELEFONO,DOCENTEEMAIL,DOCENTEESTADO) values ('00009','ANDREA CAROLINA ACUÑA MENDOZA','ZARAGOZA','936565448','mozart@wandoo.es','1');
Insert into SYSMATRICULAS.DOCENTE (DOCENTECODIGO,DOCENTENOMBRE,DOCENTEDIRECCION,DOCENTETELEFONO,DOCENTEEMAIL,DOCENTEESTADO) values ('00010','ANDREA DEL PILAR CORTES BARRETO','GIRONA','938208360','napoleon@cidet.com','1');

-- DATOS CURSO POR DOCENTE

Insert into SYSMATRICULAS.CURSO_DOCENTE (CURSOCODIGO,DOCENTECODIGO,CURSODOCENTEESTADO,CURSODOCENTECOSTO,CURSODOCENTECANTIDAD) values ('00001','00008','1','5000','30');
Insert into SYSMATRICULAS.CURSO_DOCENTE (CURSOCODIGO,DOCENTECODIGO,CURSODOCENTEESTADO,CURSODOCENTECOSTO,CURSODOCENTECANTIDAD) values ('00003','00002','1','2000','30');
Insert into SYSMATRICULAS.CURSO_DOCENTE (CURSOCODIGO,DOCENTECODIGO,CURSODOCENTEESTADO,CURSODOCENTECOSTO,CURSODOCENTECANTIDAD) values ('00006','00006','1','3000','30');
Insert into SYSMATRICULAS.CURSO_DOCENTE (CURSOCODIGO,DOCENTECODIGO,CURSODOCENTEESTADO,CURSODOCENTECOSTO,CURSODOCENTECANTIDAD) values ('00004','00009','1','6000','30');
Insert into SYSMATRICULAS.CURSO_DOCENTE (CURSOCODIGO,DOCENTECODIGO,CURSODOCENTEESTADO,CURSODOCENTECOSTO,CURSODOCENTECANTIDAD) values ('00006','00005','1','4000','30');
Insert into SYSMATRICULAS.CURSO_DOCENTE (CURSOCODIGO,DOCENTECODIGO,CURSODOCENTEESTADO,CURSODOCENTECOSTO,CURSODOCENTECANTIDAD) values ('00004','00003','1','2000','30');
Insert into SYSMATRICULAS.CURSO_DOCENTE (CURSOCODIGO,DOCENTECODIGO,CURSODOCENTEESTADO,CURSODOCENTECOSTO,CURSODOCENTECANTIDAD) values ('00001','00006','1','4000','30');
Insert into SYSMATRICULAS.CURSO_DOCENTE (CURSOCODIGO,DOCENTECODIGO,CURSODOCENTEESTADO,CURSODOCENTECOSTO,CURSODOCENTECANTIDAD) values ('00003','00010','1','5500','30');
Insert into SYSMATRICULAS.CURSO_DOCENTE (CURSOCODIGO,DOCENTECODIGO,CURSODOCENTEESTADO,CURSODOCENTECOSTO,CURSODOCENTECANTIDAD) values ('00002','00010','1','4500','30');
Insert into SYSMATRICULAS.CURSO_DOCENTE (CURSOCODIGO,DOCENTECODIGO,CURSODOCENTEESTADO,CURSODOCENTECOSTO,CURSODOCENTECANTIDAD) values ('00005','00002','1','4500','30');
Insert into SYSMATRICULAS.CURSO_DOCENTE (CURSOCODIGO,DOCENTECODIGO,CURSODOCENTEESTADO,CURSODOCENTECOSTO,CURSODOCENTECANTIDAD) values ('00001','00005','1','4000','30');
Insert into SYSMATRICULAS.CURSO_DOCENTE (CURSOCODIGO,DOCENTECODIGO,CURSODOCENTEESTADO,CURSODOCENTECOSTO,CURSODOCENTECANTIDAD) values ('00005','00004','1','5000','30');
Insert into SYSMATRICULAS.CURSO_DOCENTE (CURSOCODIGO,DOCENTECODIGO,CURSODOCENTEESTADO,CURSODOCENTECOSTO,CURSODOCENTECANTIDAD) values ('00004','00001','1','4000','30');
Insert into SYSMATRICULAS.CURSO_DOCENTE (CURSOCODIGO,DOCENTECODIGO,CURSODOCENTEESTADO,CURSODOCENTECOSTO,CURSODOCENTECANTIDAD) values ('00006','00007','1','3000','30');
Insert into SYSMATRICULAS.CURSO_DOCENTE (CURSOCODIGO,DOCENTECODIGO,CURSODOCENTEESTADO,CURSODOCENTECOSTO,CURSODOCENTECANTIDAD) values ('00002','00003','1','5000','30');
Insert into SYSMATRICULAS.CURSO_DOCENTE (CURSOCODIGO,DOCENTECODIGO,CURSODOCENTEESTADO,CURSODOCENTECOSTO,CURSODOCENTECANTIDAD) values ('00005','00003','1','4000','30');
Insert into SYSMATRICULAS.CURSO_DOCENTE (CURSOCODIGO,DOCENTECODIGO,CURSODOCENTEESTADO,CURSODOCENTECOSTO,CURSODOCENTECANTIDAD) values ('00003','00009','1','5500','30');
Insert into SYSMATRICULAS.CURSO_DOCENTE (CURSOCODIGO,DOCENTECODIGO,CURSODOCENTEESTADO,CURSODOCENTECOSTO,CURSODOCENTECANTIDAD) values ('00002','00008','1','4000','30');
Insert into SYSMATRICULAS.CURSO_DOCENTE (CURSOCODIGO,DOCENTECODIGO,CURSODOCENTEESTADO,CURSODOCENTECOSTO,CURSODOCENTECANTIDAD) values ('00003','00001','1','5500','30');
Insert into SYSMATRICULAS.CURSO_DOCENTE (CURSOCODIGO,DOCENTECODIGO,CURSODOCENTEESTADO,CURSODOCENTECOSTO,CURSODOCENTECANTIDAD) values ('00004','00007','1','4500','30');

-- DATOS LOCAL

Insert into SYSMATRICULAS.LOCAL (LOCALCODIGO,LOCALNOMBRE,LOCALESTADO) values ('00001','MADRID','1');
Insert into SYSMATRICULAS.LOCAL (LOCALCODIGO,LOCALNOMBRE,LOCALESTADO) values ('00002','BARCELONA','1');
Insert into SYSMATRICULAS.LOCAL (LOCALCODIGO,LOCALNOMBRE,LOCALESTADO) values ('00003','BILBAO','1');
Insert into SYSMATRICULAS.LOCAL (LOCALCODIGO,LOCALNOMBRE,LOCALESTADO) values ('00004','SEVILLA','1');
Insert into SYSMATRICULAS.LOCAL (LOCALCODIGO,LOCALNOMBRE,LOCALESTADO) values ('00005','VALENCIA','1');

-- DATOS TIPO DE COMPROBANTE

Insert into SYSMATRICULAS.TIPOCOMPROBANTE (TIPOCOMPROBANTECODIGO,TIPOCOMPROBANTENOMBRE,TIPOCOMPROBANTEESTADO) values ('00001','FACTURA','1');
Insert into SYSMATRICULAS.TIPOCOMPROBANTE (TIPOCOMPROBANTECODIGO,TIPOCOMPROBANTENOMBRE,TIPOCOMPROBANTEESTADO) values ('00002','BOLETA DE VENTA','1');
Insert into SYSMATRICULAS.TIPOCOMPROBANTE (TIPOCOMPROBANTECODIGO,TIPOCOMPROBANTENOMBRE,TIPOCOMPROBANTEESTADO) values ('00003','TICKETS','1');

-- DATOS MATRICULA


Insert into SYSMATRICULAS.MATRICULA (MATRICULACODIGO,ALUMNOCODIGO,LOCALCODIGO,CURSOCODIGO,DOCENTECODIGO,MATRICULAESTADO) values ('00001','00001','00004','00001','00008','1');
Insert into SYSMATRICULAS.MATRICULA (MATRICULACODIGO,ALUMNOCODIGO,LOCALCODIGO,CURSOCODIGO,DOCENTECODIGO,MATRICULAESTADO) values ('00002','00002','00002','00005','00004','1');
Insert into SYSMATRICULAS.MATRICULA (MATRICULACODIGO,ALUMNOCODIGO,LOCALCODIGO,CURSOCODIGO,DOCENTECODIGO,MATRICULAESTADO) values ('00003','00003','00004','00004','00001','1');
Insert into SYSMATRICULAS.MATRICULA (MATRICULACODIGO,ALUMNOCODIGO,LOCALCODIGO,CURSOCODIGO,DOCENTECODIGO,MATRICULAESTADO) values ('00004','00004','00004','00003','00010','1');
Insert into SYSMATRICULAS.MATRICULA (MATRICULACODIGO,ALUMNOCODIGO,LOCALCODIGO,CURSOCODIGO,DOCENTECODIGO,MATRICULAESTADO) values ('00005','00005','00002','00005','00002','1');
Insert into SYSMATRICULAS.MATRICULA (MATRICULACODIGO,ALUMNOCODIGO,LOCALCODIGO,CURSOCODIGO,DOCENTECODIGO,MATRICULAESTADO) values ('00006','00006','00004','00005','00002','1');
Insert into SYSMATRICULAS.MATRICULA (MATRICULACODIGO,ALUMNOCODIGO,LOCALCODIGO,CURSOCODIGO,DOCENTECODIGO,MATRICULAESTADO) values ('00007','00007','00005','00006','00006','1');
Insert into SYSMATRICULAS.MATRICULA (MATRICULACODIGO,ALUMNOCODIGO,LOCALCODIGO,CURSOCODIGO,DOCENTECODIGO,MATRICULAESTADO) values ('00008','00008','00004','00004','00001','1');
Insert into SYSMATRICULAS.MATRICULA (MATRICULACODIGO,ALUMNOCODIGO,LOCALCODIGO,CURSOCODIGO,DOCENTECODIGO,MATRICULAESTADO) values ('00009','00009','00005','00005','00004','1');
Insert into SYSMATRICULAS.MATRICULA (MATRICULACODIGO,ALUMNOCODIGO,LOCALCODIGO,CURSOCODIGO,DOCENTECODIGO,MATRICULAESTADO) values ('00010','00010','00001','00003','00009','1');
Insert into SYSMATRICULAS.MATRICULA (MATRICULACODIGO,ALUMNOCODIGO,LOCALCODIGO,CURSOCODIGO,DOCENTECODIGO,MATRICULAESTADO) values ('00011','00011','00001','00006','00005','1');
Insert into SYSMATRICULAS.MATRICULA (MATRICULACODIGO,ALUMNOCODIGO,LOCALCODIGO,CURSOCODIGO,DOCENTECODIGO,MATRICULAESTADO) values ('00012','00012','00004','00004','00001','1');
Insert into SYSMATRICULAS.MATRICULA (MATRICULACODIGO,ALUMNOCODIGO,LOCALCODIGO,CURSOCODIGO,DOCENTECODIGO,MATRICULAESTADO) values ('00013','00013','00001','00006','00005','1');
Insert into SYSMATRICULAS.MATRICULA (MATRICULACODIGO,ALUMNOCODIGO,LOCALCODIGO,CURSOCODIGO,DOCENTECODIGO,MATRICULAESTADO) values ('00014','00014','00002','00001','00006','1');
Insert into SYSMATRICULAS.MATRICULA (MATRICULACODIGO,ALUMNOCODIGO,LOCALCODIGO,CURSOCODIGO,DOCENTECODIGO,MATRICULAESTADO) values ('00015','00015','00004','00006','00005','1');
Insert into SYSMATRICULAS.MATRICULA (MATRICULACODIGO,ALUMNOCODIGO,LOCALCODIGO,CURSOCODIGO,DOCENTECODIGO,MATRICULAESTADO) values ('00016','00016','00002','00003','00002','1');
Insert into SYSMATRICULAS.MATRICULA (MATRICULACODIGO,ALUMNOCODIGO,LOCALCODIGO,CURSOCODIGO,DOCENTECODIGO,MATRICULAESTADO) values ('00017','00017','00002','00004','00009','1');
Insert into SYSMATRICULAS.MATRICULA (MATRICULACODIGO,ALUMNOCODIGO,LOCALCODIGO,CURSOCODIGO,DOCENTECODIGO,MATRICULAESTADO) values ('00018','00018','00001','00004','00003','1');
Insert into SYSMATRICULAS.MATRICULA (MATRICULACODIGO,ALUMNOCODIGO,LOCALCODIGO,CURSOCODIGO,DOCENTECODIGO,MATRICULAESTADO) values ('00019','00019','00005','00004','00001','1');
Insert into SYSMATRICULAS.MATRICULA (MATRICULACODIGO,ALUMNOCODIGO,LOCALCODIGO,CURSOCODIGO,DOCENTECODIGO,MATRICULAESTADO) values ('00020','00020','00003','00006','00005','1');
Insert into SYSMATRICULAS.MATRICULA (MATRICULACODIGO,ALUMNOCODIGO,LOCALCODIGO,CURSOCODIGO,DOCENTECODIGO,MATRICULAESTADO) values ('00021','00021','00002','00003','00010','1');
Insert into SYSMATRICULAS.MATRICULA (MATRICULACODIGO,ALUMNOCODIGO,LOCALCODIGO,CURSOCODIGO,DOCENTECODIGO,MATRICULAESTADO) values ('00022','00022','00001','00003','00009','1');
Insert into SYSMATRICULAS.MATRICULA (MATRICULACODIGO,ALUMNOCODIGO,LOCALCODIGO,CURSOCODIGO,DOCENTECODIGO,MATRICULAESTADO) values ('00023','00023','00005','00002','00003','1');
Insert into SYSMATRICULAS.MATRICULA (MATRICULACODIGO,ALUMNOCODIGO,LOCALCODIGO,CURSOCODIGO,DOCENTECODIGO,MATRICULAESTADO) values ('00024','00024','00004','00003','00009','1');
Insert into SYSMATRICULAS.MATRICULA (MATRICULACODIGO,ALUMNOCODIGO,LOCALCODIGO,CURSOCODIGO,DOCENTECODIGO,MATRICULAESTADO) values ('00025','00025','00005','00005','00004','1');
Insert into SYSMATRICULAS.MATRICULA (MATRICULACODIGO,ALUMNOCODIGO,LOCALCODIGO,CURSOCODIGO,DOCENTECODIGO,MATRICULAESTADO) values ('00026','00026','00003','00004','00003','1');
Insert into SYSMATRICULAS.MATRICULA (MATRICULACODIGO,ALUMNOCODIGO,LOCALCODIGO,CURSOCODIGO,DOCENTECODIGO,MATRICULAESTADO) values ('00027','00027','00002','00005','00004','1');
Insert into SYSMATRICULAS.MATRICULA (MATRICULACODIGO,ALUMNOCODIGO,LOCALCODIGO,CURSOCODIGO,DOCENTECODIGO,MATRICULAESTADO) values ('00028','00028','00003','00001','00005','1');
Insert into SYSMATRICULAS.MATRICULA (MATRICULACODIGO,ALUMNOCODIGO,LOCALCODIGO,CURSOCODIGO,DOCENTECODIGO,MATRICULAESTADO) values ('00029','00029','00005','00002','00003','1');
Insert into SYSMATRICULAS.MATRICULA (MATRICULACODIGO,ALUMNOCODIGO,LOCALCODIGO,CURSOCODIGO,DOCENTECODIGO,MATRICULAESTADO) values ('00030','00030','00004','00004','00003','1');
Insert into SYSMATRICULAS.MATRICULA (MATRICULACODIGO,ALUMNOCODIGO,LOCALCODIGO,CURSOCODIGO,DOCENTECODIGO,MATRICULAESTADO) values ('00031','00031','00005','00006','00006','1');
Insert into SYSMATRICULAS.MATRICULA (MATRICULACODIGO,ALUMNOCODIGO,LOCALCODIGO,CURSOCODIGO,DOCENTECODIGO,MATRICULAESTADO) values ('00032','00032','00001','00002','00008','1');
Insert into SYSMATRICULAS.MATRICULA (MATRICULACODIGO,ALUMNOCODIGO,LOCALCODIGO,CURSOCODIGO,DOCENTECODIGO,MATRICULAESTADO) values ('00033','00033','00002','00001','00005','1');
Insert into SYSMATRICULAS.MATRICULA (MATRICULACODIGO,ALUMNOCODIGO,LOCALCODIGO,CURSOCODIGO,DOCENTECODIGO,MATRICULAESTADO) values ('00034','00034','00004','00006','00007','1');
Insert into SYSMATRICULAS.MATRICULA (MATRICULACODIGO,ALUMNOCODIGO,LOCALCODIGO,CURSOCODIGO,DOCENTECODIGO,MATRICULAESTADO) values ('00035','00035','00005','00002','00003','1');
Insert into SYSMATRICULAS.MATRICULA (MATRICULACODIGO,ALUMNOCODIGO,LOCALCODIGO,CURSOCODIGO,DOCENTECODIGO,MATRICULAESTADO) values ('00036','00036','00003','00003','00001','1');
Insert into SYSMATRICULAS.MATRICULA (MATRICULACODIGO,ALUMNOCODIGO,LOCALCODIGO,CURSOCODIGO,DOCENTECODIGO,MATRICULAESTADO) values ('00037','00037','00004','00006','00006','1');
Insert into SYSMATRICULAS.MATRICULA (MATRICULACODIGO,ALUMNOCODIGO,LOCALCODIGO,CURSOCODIGO,DOCENTECODIGO,MATRICULAESTADO) values ('00038','00038','00004','00006','00005','1');
Insert into SYSMATRICULAS.MATRICULA (MATRICULACODIGO,ALUMNOCODIGO,LOCALCODIGO,CURSOCODIGO,DOCENTECODIGO,MATRICULAESTADO) values ('00039','00039','00001','00003','00002','1');
Insert into SYSMATRICULAS.MATRICULA (MATRICULACODIGO,ALUMNOCODIGO,LOCALCODIGO,CURSOCODIGO,DOCENTECODIGO,MATRICULAESTADO) values ('00040','00040','00002','00005','00004','1');
Insert into SYSMATRICULAS.MATRICULA (MATRICULACODIGO,ALUMNOCODIGO,LOCALCODIGO,CURSOCODIGO,DOCENTECODIGO,MATRICULAESTADO) values ('00041','00041','00001','00002','00003','1');
Insert into SYSMATRICULAS.MATRICULA (MATRICULACODIGO,ALUMNOCODIGO,LOCALCODIGO,CURSOCODIGO,DOCENTECODIGO,MATRICULAESTADO) values ('00042','00042','00004','00002','00003','1');
Insert into SYSMATRICULAS.MATRICULA (MATRICULACODIGO,ALUMNOCODIGO,LOCALCODIGO,CURSOCODIGO,DOCENTECODIGO,MATRICULAESTADO) values ('00043','00043','00003','00005','00002','1');
Insert into SYSMATRICULAS.MATRICULA (MATRICULACODIGO,ALUMNOCODIGO,LOCALCODIGO,CURSOCODIGO,DOCENTECODIGO,MATRICULAESTADO) values ('00044','00044','00004','00001','00005','1');
Insert into SYSMATRICULAS.MATRICULA (MATRICULACODIGO,ALUMNOCODIGO,LOCALCODIGO,CURSOCODIGO,DOCENTECODIGO,MATRICULAESTADO) values ('00045','00045','00003','00006','00007','1');
Insert into SYSMATRICULAS.MATRICULA (MATRICULACODIGO,ALUMNOCODIGO,LOCALCODIGO,CURSOCODIGO,DOCENTECODIGO,MATRICULAESTADO) values ('00046','00046','00002','00001','00005','1');
Insert into SYSMATRICULAS.MATRICULA (MATRICULACODIGO,ALUMNOCODIGO,LOCALCODIGO,CURSOCODIGO,DOCENTECODIGO,MATRICULAESTADO) values ('00047','00047','00005','00002','00010','1');
Insert into SYSMATRICULAS.MATRICULA (MATRICULACODIGO,ALUMNOCODIGO,LOCALCODIGO,CURSOCODIGO,DOCENTECODIGO,MATRICULAESTADO) values ('00048','00048','00003','00003','00010','1');
Insert into SYSMATRICULAS.MATRICULA (MATRICULACODIGO,ALUMNOCODIGO,LOCALCODIGO,CURSOCODIGO,DOCENTECODIGO,MATRICULAESTADO) values ('00049','00049','00005','00004','00007','1');
Insert into SYSMATRICULAS.MATRICULA (MATRICULACODIGO,ALUMNOCODIGO,LOCALCODIGO,CURSOCODIGO,DOCENTECODIGO,MATRICULAESTADO) values ('00050','00050','00005','00006','00007','1');
Insert into SYSMATRICULAS.MATRICULA (MATRICULACODIGO,ALUMNOCODIGO,LOCALCODIGO,CURSOCODIGO,DOCENTECODIGO,MATRICULAESTADO) values ('00051','00051','00005','00002','00008','1');
Insert into SYSMATRICULAS.MATRICULA (MATRICULACODIGO,ALUMNOCODIGO,LOCALCODIGO,CURSOCODIGO,DOCENTECODIGO,MATRICULAESTADO) values ('00052','00052','00003','00002','00010','1');
Insert into SYSMATRICULAS.MATRICULA (MATRICULACODIGO,ALUMNOCODIGO,LOCALCODIGO,CURSOCODIGO,DOCENTECODIGO,MATRICULAESTADO) values ('00053','00053','00001','00003','00001','1');
Insert into SYSMATRICULAS.MATRICULA (MATRICULACODIGO,ALUMNOCODIGO,LOCALCODIGO,CURSOCODIGO,DOCENTECODIGO,MATRICULAESTADO) values ('00054','00054','00001','00001','00008','1');
Insert into SYSMATRICULAS.MATRICULA (MATRICULACODIGO,ALUMNOCODIGO,LOCALCODIGO,CURSOCODIGO,DOCENTECODIGO,MATRICULAESTADO) values ('00055','00055','00001','00006','00006','1');
Insert into SYSMATRICULAS.MATRICULA (MATRICULACODIGO,ALUMNOCODIGO,LOCALCODIGO,CURSOCODIGO,DOCENTECODIGO,MATRICULAESTADO) values ('00056','00056','00004','00002','00008','1');
Insert into SYSMATRICULAS.MATRICULA (MATRICULACODIGO,ALUMNOCODIGO,LOCALCODIGO,CURSOCODIGO,DOCENTECODIGO,MATRICULAESTADO) values ('00057','00057','00005','00003','00001','1');
Insert into SYSMATRICULAS.MATRICULA (MATRICULACODIGO,ALUMNOCODIGO,LOCALCODIGO,CURSOCODIGO,DOCENTECODIGO,MATRICULAESTADO) values ('00058','00058','00001','00001','00005','1');
Insert into SYSMATRICULAS.MATRICULA (MATRICULACODIGO,ALUMNOCODIGO,LOCALCODIGO,CURSOCODIGO,DOCENTECODIGO,MATRICULAESTADO) values ('00059','00059','00001','00002','00010','1');
Insert into SYSMATRICULAS.MATRICULA (MATRICULACODIGO,ALUMNOCODIGO,LOCALCODIGO,CURSOCODIGO,DOCENTECODIGO,MATRICULAESTADO) values ('00060','00060','00005','00005','00002','1');
Insert into SYSMATRICULAS.MATRICULA (MATRICULACODIGO,ALUMNOCODIGO,LOCALCODIGO,CURSOCODIGO,DOCENTECODIGO,MATRICULAESTADO) values ('00061','00061','00002','00003','00010','1');
Insert into SYSMATRICULAS.MATRICULA (MATRICULACODIGO,ALUMNOCODIGO,LOCALCODIGO,CURSOCODIGO,DOCENTECODIGO,MATRICULAESTADO) values ('00062','00062','00003','00003','00009','1');
Insert into SYSMATRICULAS.MATRICULA (MATRICULACODIGO,ALUMNOCODIGO,LOCALCODIGO,CURSOCODIGO,DOCENTECODIGO,MATRICULAESTADO) values ('00063','00063','00001','00002','00010','1');
Insert into SYSMATRICULAS.MATRICULA (MATRICULACODIGO,ALUMNOCODIGO,LOCALCODIGO,CURSOCODIGO,DOCENTECODIGO,MATRICULAESTADO) values ('00064','00064','00004','00003','00001','1');
Insert into SYSMATRICULAS.MATRICULA (MATRICULACODIGO,ALUMNOCODIGO,LOCALCODIGO,CURSOCODIGO,DOCENTECODIGO,MATRICULAESTADO) values ('00065','00065','00003','00006','00007','1');
Insert into SYSMATRICULAS.MATRICULA (MATRICULACODIGO,ALUMNOCODIGO,LOCALCODIGO,CURSOCODIGO,DOCENTECODIGO,MATRICULAESTADO) values ('00066','00066','00002','00006','00007','1');
Insert into SYSMATRICULAS.MATRICULA (MATRICULACODIGO,ALUMNOCODIGO,LOCALCODIGO,CURSOCODIGO,DOCENTECODIGO,MATRICULAESTADO) values ('00067','00067','00005','00006','00007','1');
Insert into SYSMATRICULAS.MATRICULA (MATRICULACODIGO,ALUMNOCODIGO,LOCALCODIGO,CURSOCODIGO,DOCENTECODIGO,MATRICULAESTADO) values ('00068','00068','00003','00005','00004','1');
Insert into SYSMATRICULAS.MATRICULA (MATRICULACODIGO,ALUMNOCODIGO,LOCALCODIGO,CURSOCODIGO,DOCENTECODIGO,MATRICULAESTADO) values ('00069','00069','00001','00006','00006','1');
Insert into SYSMATRICULAS.MATRICULA (MATRICULACODIGO,ALUMNOCODIGO,LOCALCODIGO,CURSOCODIGO,DOCENTECODIGO,MATRICULAESTADO) values ('00070','00070','00002','00003','00009','1');
Insert into SYSMATRICULAS.MATRICULA (MATRICULACODIGO,ALUMNOCODIGO,LOCALCODIGO,CURSOCODIGO,DOCENTECODIGO,MATRICULAESTADO) values ('00071','00071','00003','00001','00006','1');
Insert into SYSMATRICULAS.MATRICULA (MATRICULACODIGO,ALUMNOCODIGO,LOCALCODIGO,CURSOCODIGO,DOCENTECODIGO,MATRICULAESTADO) values ('00072','00072','00003','00006','00006','1');
Insert into SYSMATRICULAS.MATRICULA (MATRICULACODIGO,ALUMNOCODIGO,LOCALCODIGO,CURSOCODIGO,DOCENTECODIGO,MATRICULAESTADO) values ('00073','00073','00004','00003','00002','1');
Insert into SYSMATRICULAS.MATRICULA (MATRICULACODIGO,ALUMNOCODIGO,LOCALCODIGO,CURSOCODIGO,DOCENTECODIGO,MATRICULAESTADO) values ('00074','00074','00001','00001','00006','1');
Insert into SYSMATRICULAS.MATRICULA (MATRICULACODIGO,ALUMNOCODIGO,LOCALCODIGO,CURSOCODIGO,DOCENTECODIGO,MATRICULAESTADO) values ('00075','00075','00005','00005','00004','1');
Insert into SYSMATRICULAS.MATRICULA (MATRICULACODIGO,ALUMNOCODIGO,LOCALCODIGO,CURSOCODIGO,DOCENTECODIGO,MATRICULAESTADO) values ('00076','00076','00004','00001','00006','1');
Insert into SYSMATRICULAS.MATRICULA (MATRICULACODIGO,ALUMNOCODIGO,LOCALCODIGO,CURSOCODIGO,DOCENTECODIGO,MATRICULAESTADO) values ('00077','00077','00001','00006','00007','1');
Insert into SYSMATRICULAS.MATRICULA (MATRICULACODIGO,ALUMNOCODIGO,LOCALCODIGO,CURSOCODIGO,DOCENTECODIGO,MATRICULAESTADO) values ('00078','00078','00003','00002','00010','1');
Insert into SYSMATRICULAS.MATRICULA (MATRICULACODIGO,ALUMNOCODIGO,LOCALCODIGO,CURSOCODIGO,DOCENTECODIGO,MATRICULAESTADO) values ('00079','00079','00001','00005','00004','1');
Insert into SYSMATRICULAS.MATRICULA (MATRICULACODIGO,ALUMNOCODIGO,LOCALCODIGO,CURSOCODIGO,DOCENTECODIGO,MATRICULAESTADO) values ('00080','00080','00003','00004','00007','1');
Insert into SYSMATRICULAS.MATRICULA (MATRICULACODIGO,ALUMNOCODIGO,LOCALCODIGO,CURSOCODIGO,DOCENTECODIGO,MATRICULAESTADO) values ('00081','00081','00002','00004','00009','1');
Insert into SYSMATRICULAS.MATRICULA (MATRICULACODIGO,ALUMNOCODIGO,LOCALCODIGO,CURSOCODIGO,DOCENTECODIGO,MATRICULAESTADO) values ('00082','00082','00003','00003','00009','1');
Insert into SYSMATRICULAS.MATRICULA (MATRICULACODIGO,ALUMNOCODIGO,LOCALCODIGO,CURSOCODIGO,DOCENTECODIGO,MATRICULAESTADO) values ('00083','00083','00005','00001','00008','1');
Insert into SYSMATRICULAS.MATRICULA (MATRICULACODIGO,ALUMNOCODIGO,LOCALCODIGO,CURSOCODIGO,DOCENTECODIGO,MATRICULAESTADO) values ('00084','00084','00005','00001','00008','1');
Insert into SYSMATRICULAS.MATRICULA (MATRICULACODIGO,ALUMNOCODIGO,LOCALCODIGO,CURSOCODIGO,DOCENTECODIGO,MATRICULAESTADO) values ('00085','00085','00004','00006','00005','1');
Insert into SYSMATRICULAS.MATRICULA (MATRICULACODIGO,ALUMNOCODIGO,LOCALCODIGO,CURSOCODIGO,DOCENTECODIGO,MATRICULAESTADO) values ('00086','00086','00002','00005','00004','1');
Insert into SYSMATRICULAS.MATRICULA (MATRICULACODIGO,ALUMNOCODIGO,LOCALCODIGO,CURSOCODIGO,DOCENTECODIGO,MATRICULAESTADO) values ('00087','00087','00003','00003','00010','1');
Insert into SYSMATRICULAS.MATRICULA (MATRICULACODIGO,ALUMNOCODIGO,LOCALCODIGO,CURSOCODIGO,DOCENTECODIGO,MATRICULAESTADO) values ('00088','00088','00005','00006','00005','1');
Insert into SYSMATRICULAS.MATRICULA (MATRICULACODIGO,ALUMNOCODIGO,LOCALCODIGO,CURSOCODIGO,DOCENTECODIGO,MATRICULAESTADO) values ('00089','00089','00001','00004','00007','1');
Insert into SYSMATRICULAS.MATRICULA (MATRICULACODIGO,ALUMNOCODIGO,LOCALCODIGO,CURSOCODIGO,DOCENTECODIGO,MATRICULAESTADO) values ('00090','00090','00002','00004','00001','1');
Insert into SYSMATRICULAS.MATRICULA (MATRICULACODIGO,ALUMNOCODIGO,LOCALCODIGO,CURSOCODIGO,DOCENTECODIGO,MATRICULAESTADO) values ('00091','00091','00004','00005','00004','1');
Insert into SYSMATRICULAS.MATRICULA (MATRICULACODIGO,ALUMNOCODIGO,LOCALCODIGO,CURSOCODIGO,DOCENTECODIGO,MATRICULAESTADO) values ('00092','00092','00005','00002','00008','1');
Insert into SYSMATRICULAS.MATRICULA (MATRICULACODIGO,ALUMNOCODIGO,LOCALCODIGO,CURSOCODIGO,DOCENTECODIGO,MATRICULAESTADO) values ('00093','00093','00003','00003','00002','1');
Insert into SYSMATRICULAS.MATRICULA (MATRICULACODIGO,ALUMNOCODIGO,LOCALCODIGO,CURSOCODIGO,DOCENTECODIGO,MATRICULAESTADO) values ('00094','00094','00002','00001','00006','1');
Insert into SYSMATRICULAS.MATRICULA (MATRICULACODIGO,ALUMNOCODIGO,LOCALCODIGO,CURSOCODIGO,DOCENTECODIGO,MATRICULAESTADO) values ('00095','00095','00001','00001','00005','1');
Insert into SYSMATRICULAS.MATRICULA (MATRICULACODIGO,ALUMNOCODIGO,LOCALCODIGO,CURSOCODIGO,DOCENTECODIGO,MATRICULAESTADO) values ('00096','00096','00004','00003','00001','1');
Insert into SYSMATRICULAS.MATRICULA (MATRICULACODIGO,ALUMNOCODIGO,LOCALCODIGO,CURSOCODIGO,DOCENTECODIGO,MATRICULAESTADO) values ('00097','00097','00005','00004','00007','1');
Insert into SYSMATRICULAS.MATRICULA (MATRICULACODIGO,ALUMNOCODIGO,LOCALCODIGO,CURSOCODIGO,DOCENTECODIGO,MATRICULAESTADO) values ('00098','00098','00001','00005','00004','1');
Insert into SYSMATRICULAS.MATRICULA (MATRICULACODIGO,ALUMNOCODIGO,LOCALCODIGO,CURSOCODIGO,DOCENTECODIGO,MATRICULAESTADO) values ('00099','00099','00001','00004','00007','1');
Insert into SYSMATRICULAS.MATRICULA (MATRICULACODIGO,ALUMNOCODIGO,LOCALCODIGO,CURSOCODIGO,DOCENTECODIGO,MATRICULAESTADO) values ('00100','00100','00003','00004','00007','1');
Insert into SYSMATRICULAS.MATRICULA (MATRICULACODIGO,ALUMNOCODIGO,LOCALCODIGO,CURSOCODIGO,DOCENTECODIGO,MATRICULAESTADO) values ('00101','00101','00001','00004','00001','1');
Insert into SYSMATRICULAS.MATRICULA (MATRICULACODIGO,ALUMNOCODIGO,LOCALCODIGO,CURSOCODIGO,DOCENTECODIGO,MATRICULAESTADO) values ('00102','00102','00003','00003','00001','1');
Insert into SYSMATRICULAS.MATRICULA (MATRICULACODIGO,ALUMNOCODIGO,LOCALCODIGO,CURSOCODIGO,DOCENTECODIGO,MATRICULAESTADO) values ('00103','00103','00002','00004','00003','1');
Insert into SYSMATRICULAS.MATRICULA (MATRICULACODIGO,ALUMNOCODIGO,LOCALCODIGO,CURSOCODIGO,DOCENTECODIGO,MATRICULAESTADO) values ('00104','00104','00001','00004','00007','1');
Insert into SYSMATRICULAS.MATRICULA (MATRICULACODIGO,ALUMNOCODIGO,LOCALCODIGO,CURSOCODIGO,DOCENTECODIGO,MATRICULAESTADO) values ('00105','00105','00001','00002','00010','1');
Insert into SYSMATRICULAS.MATRICULA (MATRICULACODIGO,ALUMNOCODIGO,LOCALCODIGO,CURSOCODIGO,DOCENTECODIGO,MATRICULAESTADO) values ('00106','00106','00003','00006','00006','1');
Insert into SYSMATRICULAS.MATRICULA (MATRICULACODIGO,ALUMNOCODIGO,LOCALCODIGO,CURSOCODIGO,DOCENTECODIGO,MATRICULAESTADO) values ('00107','00107','00005','00005','00004','1');
Insert into SYSMATRICULAS.MATRICULA (MATRICULACODIGO,ALUMNOCODIGO,LOCALCODIGO,CURSOCODIGO,DOCENTECODIGO,MATRICULAESTADO) values ('00108','00108','00003','00003','00002','1');
Insert into SYSMATRICULAS.MATRICULA (MATRICULACODIGO,ALUMNOCODIGO,LOCALCODIGO,CURSOCODIGO,DOCENTECODIGO,MATRICULAESTADO) values ('00109','00109','00003','00001','00008','1');
Insert into SYSMATRICULAS.MATRICULA (MATRICULACODIGO,ALUMNOCODIGO,LOCALCODIGO,CURSOCODIGO,DOCENTECODIGO,MATRICULAESTADO) values ('00110','00110','00004','00005','00002','1');
Insert into SYSMATRICULAS.MATRICULA (MATRICULACODIGO,ALUMNOCODIGO,LOCALCODIGO,CURSOCODIGO,DOCENTECODIGO,MATRICULAESTADO) values ('00111','00111','00002','00004','00009','1');
Insert into SYSMATRICULAS.MATRICULA (MATRICULACODIGO,ALUMNOCODIGO,LOCALCODIGO,CURSOCODIGO,DOCENTECODIGO,MATRICULAESTADO) values ('00112','00112','00002','00004','00003','1');
Insert into SYSMATRICULAS.MATRICULA (MATRICULACODIGO,ALUMNOCODIGO,LOCALCODIGO,CURSOCODIGO,DOCENTECODIGO,MATRICULAESTADO) values ('00113','00113','00004','00002','00008','1');
Insert into SYSMATRICULAS.MATRICULA (MATRICULACODIGO,ALUMNOCODIGO,LOCALCODIGO,CURSOCODIGO,DOCENTECODIGO,MATRICULAESTADO) values ('00114','00114','00003','00004','00009','1');
Insert into SYSMATRICULAS.MATRICULA (MATRICULACODIGO,ALUMNOCODIGO,LOCALCODIGO,CURSOCODIGO,DOCENTECODIGO,MATRICULAESTADO) values ('00115','00115','00002','00001','00006','1');
Insert into SYSMATRICULAS.MATRICULA (MATRICULACODIGO,ALUMNOCODIGO,LOCALCODIGO,CURSOCODIGO,DOCENTECODIGO,MATRICULAESTADO) values ('00116','00116','00003','00005','00004','1');
Insert into SYSMATRICULAS.MATRICULA (MATRICULACODIGO,ALUMNOCODIGO,LOCALCODIGO,CURSOCODIGO,DOCENTECODIGO,MATRICULAESTADO) values ('00117','00117','00002','00002','00003','1');
Insert into SYSMATRICULAS.MATRICULA (MATRICULACODIGO,ALUMNOCODIGO,LOCALCODIGO,CURSOCODIGO,DOCENTECODIGO,MATRICULAESTADO) values ('00118','00118','00005','00001','00006','1');
Insert into SYSMATRICULAS.MATRICULA (MATRICULACODIGO,ALUMNOCODIGO,LOCALCODIGO,CURSOCODIGO,DOCENTECODIGO,MATRICULAESTADO) values ('00119','00119','00005','00001','00008','1');
Insert into SYSMATRICULAS.MATRICULA (MATRICULACODIGO,ALUMNOCODIGO,LOCALCODIGO,CURSOCODIGO,DOCENTECODIGO,MATRICULAESTADO) values ('00120','00120','00004','00003','00009','1');
Insert into SYSMATRICULAS.MATRICULA (MATRICULACODIGO,ALUMNOCODIGO,LOCALCODIGO,CURSOCODIGO,DOCENTECODIGO,MATRICULAESTADO) values ('00121','00121','00002','00001','00008','1');
Insert into SYSMATRICULAS.MATRICULA (MATRICULACODIGO,ALUMNOCODIGO,LOCALCODIGO,CURSOCODIGO,DOCENTECODIGO,MATRICULAESTADO) values ('00122','00122','00003','00003','00010','1');

-- DATOS PAGOS


Insert into SYSMATRICULAS.PAGO (PAGOCODIGO,MATRICULACODIGO,TIPOCOMPROBANTECODIGO,PAGOESTADO,PAGOMONTO) values ('00001','00001','00003','1','500');
Insert into SYSMATRICULAS.PAGO (PAGOCODIGO,MATRICULACODIGO,TIPOCOMPROBANTECODIGO,PAGOESTADO,PAGOMONTO) values ('00002','00002','00002','1','400');
Insert into SYSMATRICULAS.PAGO (PAGOCODIGO,MATRICULACODIGO,TIPOCOMPROBANTECODIGO,PAGOESTADO,PAGOMONTO) values ('00003','00003','00002','1','400');
Insert into SYSMATRICULAS.PAGO (PAGOCODIGO,MATRICULACODIGO,TIPOCOMPROBANTECODIGO,PAGOESTADO,PAGOMONTO) values ('00004','00004','00002','1','500');
Insert into SYSMATRICULAS.PAGO (PAGOCODIGO,MATRICULACODIGO,TIPOCOMPROBANTECODIGO,PAGOESTADO,PAGOMONTO) values ('00005','00005','00002','1','300');
Insert into SYSMATRICULAS.PAGO (PAGOCODIGO,MATRICULACODIGO,TIPOCOMPROBANTECODIGO,PAGOESTADO,PAGOMONTO) values ('00006','00006','00003','1','1000');
Insert into SYSMATRICULAS.PAGO (PAGOCODIGO,MATRICULACODIGO,TIPOCOMPROBANTECODIGO,PAGOESTADO,PAGOMONTO) values ('00007','00007','00002','1','300');
Insert into SYSMATRICULAS.PAGO (PAGOCODIGO,MATRICULACODIGO,TIPOCOMPROBANTECODIGO,PAGOESTADO,PAGOMONTO) values ('00008','00008','00003','1','700');
Insert into SYSMATRICULAS.PAGO (PAGOCODIGO,MATRICULACODIGO,TIPOCOMPROBANTECODIGO,PAGOESTADO,PAGOMONTO) values ('00009','00009','00003','1','500');
Insert into SYSMATRICULAS.PAGO (PAGOCODIGO,MATRICULACODIGO,TIPOCOMPROBANTECODIGO,PAGOESTADO,PAGOMONTO) values ('00010','00010','00003','1','700');
Insert into SYSMATRICULAS.PAGO (PAGOCODIGO,MATRICULACODIGO,TIPOCOMPROBANTECODIGO,PAGOESTADO,PAGOMONTO) values ('00011','00011','00003','1','300');
Insert into SYSMATRICULAS.PAGO (PAGOCODIGO,MATRICULACODIGO,TIPOCOMPROBANTECODIGO,PAGOESTADO,PAGOMONTO) values ('00012','00012','00002','1','1000');
Insert into SYSMATRICULAS.PAGO (PAGOCODIGO,MATRICULACODIGO,TIPOCOMPROBANTECODIGO,PAGOESTADO,PAGOMONTO) values ('00013','00013','00001','1','1000');
Insert into SYSMATRICULAS.PAGO (PAGOCODIGO,MATRICULACODIGO,TIPOCOMPROBANTECODIGO,PAGOESTADO,PAGOMONTO) values ('00014','00014','00001','1','1000');
Insert into SYSMATRICULAS.PAGO (PAGOCODIGO,MATRICULACODIGO,TIPOCOMPROBANTECODIGO,PAGOESTADO,PAGOMONTO) values ('00015','00015','00002','1','500');
Insert into SYSMATRICULAS.PAGO (PAGOCODIGO,MATRICULACODIGO,TIPOCOMPROBANTECODIGO,PAGOESTADO,PAGOMONTO) values ('00016','00016','00001','1','1000');
Insert into SYSMATRICULAS.PAGO (PAGOCODIGO,MATRICULACODIGO,TIPOCOMPROBANTECODIGO,PAGOESTADO,PAGOMONTO) values ('00017','00017','00002','1','400');
Insert into SYSMATRICULAS.PAGO (PAGOCODIGO,MATRICULACODIGO,TIPOCOMPROBANTECODIGO,PAGOESTADO,PAGOMONTO) values ('00018','00018','00001','1','500');
Insert into SYSMATRICULAS.PAGO (PAGOCODIGO,MATRICULACODIGO,TIPOCOMPROBANTECODIGO,PAGOESTADO,PAGOMONTO) values ('00019','00019','00001','1','300');
Insert into SYSMATRICULAS.PAGO (PAGOCODIGO,MATRICULACODIGO,TIPOCOMPROBANTECODIGO,PAGOESTADO,PAGOMONTO) values ('00020','00020','00003','1','400');
Insert into SYSMATRICULAS.PAGO (PAGOCODIGO,MATRICULACODIGO,TIPOCOMPROBANTECODIGO,PAGOESTADO,PAGOMONTO) values ('00021','00021','00001','1','700');
Insert into SYSMATRICULAS.PAGO (PAGOCODIGO,MATRICULACODIGO,TIPOCOMPROBANTECODIGO,PAGOESTADO,PAGOMONTO) values ('00022','00022','00003','1','300');
Insert into SYSMATRICULAS.PAGO (PAGOCODIGO,MATRICULACODIGO,TIPOCOMPROBANTECODIGO,PAGOESTADO,PAGOMONTO) values ('00023','00023','00003','1','700');
Insert into SYSMATRICULAS.PAGO (PAGOCODIGO,MATRICULACODIGO,TIPOCOMPROBANTECODIGO,PAGOESTADO,PAGOMONTO) values ('00024','00024','00002','1','700');
Insert into SYSMATRICULAS.PAGO (PAGOCODIGO,MATRICULACODIGO,TIPOCOMPROBANTECODIGO,PAGOESTADO,PAGOMONTO) values ('00025','00025','00002','1','1000');
Insert into SYSMATRICULAS.PAGO (PAGOCODIGO,MATRICULACODIGO,TIPOCOMPROBANTECODIGO,PAGOESTADO,PAGOMONTO) values ('00026','00026','00002','1','400');
Insert into SYSMATRICULAS.PAGO (PAGOCODIGO,MATRICULACODIGO,TIPOCOMPROBANTECODIGO,PAGOESTADO,PAGOMONTO) values ('00027','00027','00003','1','700');
Insert into SYSMATRICULAS.PAGO (PAGOCODIGO,MATRICULACODIGO,TIPOCOMPROBANTECODIGO,PAGOESTADO,PAGOMONTO) values ('00028','00028','00001','1','400');
Insert into SYSMATRICULAS.PAGO (PAGOCODIGO,MATRICULACODIGO,TIPOCOMPROBANTECODIGO,PAGOESTADO,PAGOMONTO) values ('00029','00029','00003','1','1000');
Insert into SYSMATRICULAS.PAGO (PAGOCODIGO,MATRICULACODIGO,TIPOCOMPROBANTECODIGO,PAGOESTADO,PAGOMONTO) values ('00030','00030','00003','1','700');
Insert into SYSMATRICULAS.PAGO (PAGOCODIGO,MATRICULACODIGO,TIPOCOMPROBANTECODIGO,PAGOESTADO,PAGOMONTO) values ('00031','00031','00001','1','400');
Insert into SYSMATRICULAS.PAGO (PAGOCODIGO,MATRICULACODIGO,TIPOCOMPROBANTECODIGO,PAGOESTADO,PAGOMONTO) values ('00032','00032','00001','1','1000');
Insert into SYSMATRICULAS.PAGO (PAGOCODIGO,MATRICULACODIGO,TIPOCOMPROBANTECODIGO,PAGOESTADO,PAGOMONTO) values ('00033','00033','00002','1','500');
Insert into SYSMATRICULAS.PAGO (PAGOCODIGO,MATRICULACODIGO,TIPOCOMPROBANTECODIGO,PAGOESTADO,PAGOMONTO) values ('00034','00034','00001','1','700');
Insert into SYSMATRICULAS.PAGO (PAGOCODIGO,MATRICULACODIGO,TIPOCOMPROBANTECODIGO,PAGOESTADO,PAGOMONTO) values ('00035','00035','00001','1','700');
Insert into SYSMATRICULAS.PAGO (PAGOCODIGO,MATRICULACODIGO,TIPOCOMPROBANTECODIGO,PAGOESTADO,PAGOMONTO) values ('00036','00036','00002','1','500');
Insert into SYSMATRICULAS.PAGO (PAGOCODIGO,MATRICULACODIGO,TIPOCOMPROBANTECODIGO,PAGOESTADO,PAGOMONTO) values ('00037','00037','00002','1','700');
Insert into SYSMATRICULAS.PAGO (PAGOCODIGO,MATRICULACODIGO,TIPOCOMPROBANTECODIGO,PAGOESTADO,PAGOMONTO) values ('00038','00038','00002','1','400');
Insert into SYSMATRICULAS.PAGO (PAGOCODIGO,MATRICULACODIGO,TIPOCOMPROBANTECODIGO,PAGOESTADO,PAGOMONTO) values ('00039','00039','00001','1','500');
Insert into SYSMATRICULAS.PAGO (PAGOCODIGO,MATRICULACODIGO,TIPOCOMPROBANTECODIGO,PAGOESTADO,PAGOMONTO) values ('00040','00040','00002','1','1000');
Insert into SYSMATRICULAS.PAGO (PAGOCODIGO,MATRICULACODIGO,TIPOCOMPROBANTECODIGO,PAGOESTADO,PAGOMONTO) values ('00041','00041','00003','1','400');
Insert into SYSMATRICULAS.PAGO (PAGOCODIGO,MATRICULACODIGO,TIPOCOMPROBANTECODIGO,PAGOESTADO,PAGOMONTO) values ('00042','00042','00002','1','700');
Insert into SYSMATRICULAS.PAGO (PAGOCODIGO,MATRICULACODIGO,TIPOCOMPROBANTECODIGO,PAGOESTADO,PAGOMONTO) values ('00043','00043','00003','1','1000');
Insert into SYSMATRICULAS.PAGO (PAGOCODIGO,MATRICULACODIGO,TIPOCOMPROBANTECODIGO,PAGOESTADO,PAGOMONTO) values ('00044','00044','00001','1','500');
Insert into SYSMATRICULAS.PAGO (PAGOCODIGO,MATRICULACODIGO,TIPOCOMPROBANTECODIGO,PAGOESTADO,PAGOMONTO) values ('00045','00045','00001','1','500');
Insert into SYSMATRICULAS.PAGO (PAGOCODIGO,MATRICULACODIGO,TIPOCOMPROBANTECODIGO,PAGOESTADO,PAGOMONTO) values ('00046','00046','00001','1','500');
Insert into SYSMATRICULAS.PAGO (PAGOCODIGO,MATRICULACODIGO,TIPOCOMPROBANTECODIGO,PAGOESTADO,PAGOMONTO) values ('00047','00047','00001','1','400');
Insert into SYSMATRICULAS.PAGO (PAGOCODIGO,MATRICULACODIGO,TIPOCOMPROBANTECODIGO,PAGOESTADO,PAGOMONTO) values ('00048','00048','00003','1','400');
Insert into SYSMATRICULAS.PAGO (PAGOCODIGO,MATRICULACODIGO,TIPOCOMPROBANTECODIGO,PAGOESTADO,PAGOMONTO) values ('00049','00049','00003','1','1000');
Insert into SYSMATRICULAS.PAGO (PAGOCODIGO,MATRICULACODIGO,TIPOCOMPROBANTECODIGO,PAGOESTADO,PAGOMONTO) values ('00050','00050','00002','1','300');
Insert into SYSMATRICULAS.PAGO (PAGOCODIGO,MATRICULACODIGO,TIPOCOMPROBANTECODIGO,PAGOESTADO,PAGOMONTO) values ('00051','00051','00001','1','400');
Insert into SYSMATRICULAS.PAGO (PAGOCODIGO,MATRICULACODIGO,TIPOCOMPROBANTECODIGO,PAGOESTADO,PAGOMONTO) values ('00052','00052','00002','1','1000');
Insert into SYSMATRICULAS.PAGO (PAGOCODIGO,MATRICULACODIGO,TIPOCOMPROBANTECODIGO,PAGOESTADO,PAGOMONTO) values ('00053','00053','00003','1','400');
Insert into SYSMATRICULAS.PAGO (PAGOCODIGO,MATRICULACODIGO,TIPOCOMPROBANTECODIGO,PAGOESTADO,PAGOMONTO) values ('00054','00054','00002','1','300');
Insert into SYSMATRICULAS.PAGO (PAGOCODIGO,MATRICULACODIGO,TIPOCOMPROBANTECODIGO,PAGOESTADO,PAGOMONTO) values ('00055','00055','00001','1','400');
Insert into SYSMATRICULAS.PAGO (PAGOCODIGO,MATRICULACODIGO,TIPOCOMPROBANTECODIGO,PAGOESTADO,PAGOMONTO) values ('00056','00056','00003','1','1000');
Insert into SYSMATRICULAS.PAGO (PAGOCODIGO,MATRICULACODIGO,TIPOCOMPROBANTECODIGO,PAGOESTADO,PAGOMONTO) values ('00057','00057','00002','1','500');
Insert into SYSMATRICULAS.PAGO (PAGOCODIGO,MATRICULACODIGO,TIPOCOMPROBANTECODIGO,PAGOESTADO,PAGOMONTO) values ('00058','00058','00002','1','300');
Insert into SYSMATRICULAS.PAGO (PAGOCODIGO,MATRICULACODIGO,TIPOCOMPROBANTECODIGO,PAGOESTADO,PAGOMONTO) values ('00059','00059','00002','1','700');
Insert into SYSMATRICULAS.PAGO (PAGOCODIGO,MATRICULACODIGO,TIPOCOMPROBANTECODIGO,PAGOESTADO,PAGOMONTO) values ('00060','00060','00003','1','1000');
Insert into SYSMATRICULAS.PAGO (PAGOCODIGO,MATRICULACODIGO,TIPOCOMPROBANTECODIGO,PAGOESTADO,PAGOMONTO) values ('00061','00061','00001','1','300');
Insert into SYSMATRICULAS.PAGO (PAGOCODIGO,MATRICULACODIGO,TIPOCOMPROBANTECODIGO,PAGOESTADO,PAGOMONTO) values ('00062','00062','00001','1','700');
Insert into SYSMATRICULAS.PAGO (PAGOCODIGO,MATRICULACODIGO,TIPOCOMPROBANTECODIGO,PAGOESTADO,PAGOMONTO) values ('00063','00063','00001','1','500');
Insert into SYSMATRICULAS.PAGO (PAGOCODIGO,MATRICULACODIGO,TIPOCOMPROBANTECODIGO,PAGOESTADO,PAGOMONTO) values ('00064','00064','00001','1','1000');
Insert into SYSMATRICULAS.PAGO (PAGOCODIGO,MATRICULACODIGO,TIPOCOMPROBANTECODIGO,PAGOESTADO,PAGOMONTO) values ('00065','00065','00002','1','1000');
Insert into SYSMATRICULAS.PAGO (PAGOCODIGO,MATRICULACODIGO,TIPOCOMPROBANTECODIGO,PAGOESTADO,PAGOMONTO) values ('00066','00066','00002','1','700');
Insert into SYSMATRICULAS.PAGO (PAGOCODIGO,MATRICULACODIGO,TIPOCOMPROBANTECODIGO,PAGOESTADO,PAGOMONTO) values ('00067','00067','00001','1','400');
Insert into SYSMATRICULAS.PAGO (PAGOCODIGO,MATRICULACODIGO,TIPOCOMPROBANTECODIGO,PAGOESTADO,PAGOMONTO) values ('00068','00068','00003','1','700');
Insert into SYSMATRICULAS.PAGO (PAGOCODIGO,MATRICULACODIGO,TIPOCOMPROBANTECODIGO,PAGOESTADO,PAGOMONTO) values ('00069','00069','00001','1','700');
Insert into SYSMATRICULAS.PAGO (PAGOCODIGO,MATRICULACODIGO,TIPOCOMPROBANTECODIGO,PAGOESTADO,PAGOMONTO) values ('00070','00070','00002','1','500');
Insert into SYSMATRICULAS.PAGO (PAGOCODIGO,MATRICULACODIGO,TIPOCOMPROBANTECODIGO,PAGOESTADO,PAGOMONTO) values ('00071','00071','00001','1','400');
Insert into SYSMATRICULAS.PAGO (PAGOCODIGO,MATRICULACODIGO,TIPOCOMPROBANTECODIGO,PAGOESTADO,PAGOMONTO) values ('00072','00072','00001','1','700');
Insert into SYSMATRICULAS.PAGO (PAGOCODIGO,MATRICULACODIGO,TIPOCOMPROBANTECODIGO,PAGOESTADO,PAGOMONTO) values ('00073','00073','00003','1','700');
Insert into SYSMATRICULAS.PAGO (PAGOCODIGO,MATRICULACODIGO,TIPOCOMPROBANTECODIGO,PAGOESTADO,PAGOMONTO) values ('00074','00074','00003','1','500');
Insert into SYSMATRICULAS.PAGO (PAGOCODIGO,MATRICULACODIGO,TIPOCOMPROBANTECODIGO,PAGOESTADO,PAGOMONTO) values ('00075','00075','00001','1','1000');
Insert into SYSMATRICULAS.PAGO (PAGOCODIGO,MATRICULACODIGO,TIPOCOMPROBANTECODIGO,PAGOESTADO,PAGOMONTO) values ('00076','00076','00003','1','400');
Insert into SYSMATRICULAS.PAGO (PAGOCODIGO,MATRICULACODIGO,TIPOCOMPROBANTECODIGO,PAGOESTADO,PAGOMONTO) values ('00077','00077','00002','1','300');
Insert into SYSMATRICULAS.PAGO (PAGOCODIGO,MATRICULACODIGO,TIPOCOMPROBANTECODIGO,PAGOESTADO,PAGOMONTO) values ('00078','00078','00002','1','1000');
Insert into SYSMATRICULAS.PAGO (PAGOCODIGO,MATRICULACODIGO,TIPOCOMPROBANTECODIGO,PAGOESTADO,PAGOMONTO) values ('00079','00079','00002','1','1000');
Insert into SYSMATRICULAS.PAGO (PAGOCODIGO,MATRICULACODIGO,TIPOCOMPROBANTECODIGO,PAGOESTADO,PAGOMONTO) values ('00080','00080','00002','1','300');
Insert into SYSMATRICULAS.PAGO (PAGOCODIGO,MATRICULACODIGO,TIPOCOMPROBANTECODIGO,PAGOESTADO,PAGOMONTO) values ('00081','00081','00002','1','700');
Insert into SYSMATRICULAS.PAGO (PAGOCODIGO,MATRICULACODIGO,TIPOCOMPROBANTECODIGO,PAGOESTADO,PAGOMONTO) values ('00082','00082','00002','1','700');
Insert into SYSMATRICULAS.PAGO (PAGOCODIGO,MATRICULACODIGO,TIPOCOMPROBANTECODIGO,PAGOESTADO,PAGOMONTO) values ('00083','00083','00001','1','500');
Insert into SYSMATRICULAS.PAGO (PAGOCODIGO,MATRICULACODIGO,TIPOCOMPROBANTECODIGO,PAGOESTADO,PAGOMONTO) values ('00084','00084','00003','1','1000');
Insert into SYSMATRICULAS.PAGO (PAGOCODIGO,MATRICULACODIGO,TIPOCOMPROBANTECODIGO,PAGOESTADO,PAGOMONTO) values ('00085','00085','00002','1','400');
Insert into SYSMATRICULAS.PAGO (PAGOCODIGO,MATRICULACODIGO,TIPOCOMPROBANTECODIGO,PAGOESTADO,PAGOMONTO) values ('00086','00086','00002','1','1000');
Insert into SYSMATRICULAS.PAGO (PAGOCODIGO,MATRICULACODIGO,TIPOCOMPROBANTECODIGO,PAGOESTADO,PAGOMONTO) values ('00087','00087','00003','1','700');
Insert into SYSMATRICULAS.PAGO (PAGOCODIGO,MATRICULACODIGO,TIPOCOMPROBANTECODIGO,PAGOESTADO,PAGOMONTO) values ('00088','00088','00001','1','1000');
Insert into SYSMATRICULAS.PAGO (PAGOCODIGO,MATRICULACODIGO,TIPOCOMPROBANTECODIGO,PAGOESTADO,PAGOMONTO) values ('00089','00089','00001','1','500');
Insert into SYSMATRICULAS.PAGO (PAGOCODIGO,MATRICULACODIGO,TIPOCOMPROBANTECODIGO,PAGOESTADO,PAGOMONTO) values ('00090','00090','00003','1','700');
Insert into SYSMATRICULAS.PAGO (PAGOCODIGO,MATRICULACODIGO,TIPOCOMPROBANTECODIGO,PAGOESTADO,PAGOMONTO) values ('00091','00091','00003','1','400');
Insert into SYSMATRICULAS.PAGO (PAGOCODIGO,MATRICULACODIGO,TIPOCOMPROBANTECODIGO,PAGOESTADO,PAGOMONTO) values ('00092','00092','00002','1','300');
Insert into SYSMATRICULAS.PAGO (PAGOCODIGO,MATRICULACODIGO,TIPOCOMPROBANTECODIGO,PAGOESTADO,PAGOMONTO) values ('00093','00093','00001','1','400');
Insert into SYSMATRICULAS.PAGO (PAGOCODIGO,MATRICULACODIGO,TIPOCOMPROBANTECODIGO,PAGOESTADO,PAGOMONTO) values ('00094','00094','00001','1','400');
Insert into SYSMATRICULAS.PAGO (PAGOCODIGO,MATRICULACODIGO,TIPOCOMPROBANTECODIGO,PAGOESTADO,PAGOMONTO) values ('00095','00095','00001','1','500');
Insert into SYSMATRICULAS.PAGO (PAGOCODIGO,MATRICULACODIGO,TIPOCOMPROBANTECODIGO,PAGOESTADO,PAGOMONTO) values ('00096','00096','00002','1','500');
Insert into SYSMATRICULAS.PAGO (PAGOCODIGO,MATRICULACODIGO,TIPOCOMPROBANTECODIGO,PAGOESTADO,PAGOMONTO) values ('00097','00097','00001','1','700');
Insert into SYSMATRICULAS.PAGO (PAGOCODIGO,MATRICULACODIGO,TIPOCOMPROBANTECODIGO,PAGOESTADO,PAGOMONTO) values ('00098','00098','00002','1','300');
Insert into SYSMATRICULAS.PAGO (PAGOCODIGO,MATRICULACODIGO,TIPOCOMPROBANTECODIGO,PAGOESTADO,PAGOMONTO) values ('00099','00099','00002','1','500');
Insert into SYSMATRICULAS.PAGO (PAGOCODIGO,MATRICULACODIGO,TIPOCOMPROBANTECODIGO,PAGOESTADO,PAGOMONTO) values ('00100','00100','00002','1','300');
Insert into SYSMATRICULAS.PAGO (PAGOCODIGO,MATRICULACODIGO,TIPOCOMPROBANTECODIGO,PAGOESTADO,PAGOMONTO) values ('00101','00101','00003','1','500');
Insert into SYSMATRICULAS.PAGO (PAGOCODIGO,MATRICULACODIGO,TIPOCOMPROBANTECODIGO,PAGOESTADO,PAGOMONTO) values ('00102','00102','00001','1','300');
Insert into SYSMATRICULAS.PAGO (PAGOCODIGO,MATRICULACODIGO,TIPOCOMPROBANTECODIGO,PAGOESTADO,PAGOMONTO) values ('00103','00103','00002','1','700');
Insert into SYSMATRICULAS.PAGO (PAGOCODIGO,MATRICULACODIGO,TIPOCOMPROBANTECODIGO,PAGOESTADO,PAGOMONTO) values ('00104','00104','00002','1','400');
Insert into SYSMATRICULAS.PAGO (PAGOCODIGO,MATRICULACODIGO,TIPOCOMPROBANTECODIGO,PAGOESTADO,PAGOMONTO) values ('00105','00105','00003','1','700');
Insert into SYSMATRICULAS.PAGO (PAGOCODIGO,MATRICULACODIGO,TIPOCOMPROBANTECODIGO,PAGOESTADO,PAGOMONTO) values ('00106','00106','00003','1','700');
Insert into SYSMATRICULAS.PAGO (PAGOCODIGO,MATRICULACODIGO,TIPOCOMPROBANTECODIGO,PAGOESTADO,PAGOMONTO) values ('00107','00107','00003','1','1000');
Insert into SYSMATRICULAS.PAGO (PAGOCODIGO,MATRICULACODIGO,TIPOCOMPROBANTECODIGO,PAGOESTADO,PAGOMONTO) values ('00108','00108','00002','1','300');
Insert into SYSMATRICULAS.PAGO (PAGOCODIGO,MATRICULACODIGO,TIPOCOMPROBANTECODIGO,PAGOESTADO,PAGOMONTO) values ('00109','00109','00003','1','500');
Insert into SYSMATRICULAS.PAGO (PAGOCODIGO,MATRICULACODIGO,TIPOCOMPROBANTECODIGO,PAGOESTADO,PAGOMONTO) values ('00110','00110','00001','1','1000');
Insert into SYSMATRICULAS.PAGO (PAGOCODIGO,MATRICULACODIGO,TIPOCOMPROBANTECODIGO,PAGOESTADO,PAGOMONTO) values ('00111','00111','00001','1','300');
Insert into SYSMATRICULAS.PAGO (PAGOCODIGO,MATRICULACODIGO,TIPOCOMPROBANTECODIGO,PAGOESTADO,PAGOMONTO) values ('00112','00112','00003','1','400');
Insert into SYSMATRICULAS.PAGO (PAGOCODIGO,MATRICULACODIGO,TIPOCOMPROBANTECODIGO,PAGOESTADO,PAGOMONTO) values ('00113','00113','00001','1','300');
Insert into SYSMATRICULAS.PAGO (PAGOCODIGO,MATRICULACODIGO,TIPOCOMPROBANTECODIGO,PAGOESTADO,PAGOMONTO) values ('00114','00114','00001','1','300');
Insert into SYSMATRICULAS.PAGO (PAGOCODIGO,MATRICULACODIGO,TIPOCOMPROBANTECODIGO,PAGOESTADO,PAGOMONTO) values ('00115','00115','00002','1','500');
Insert into SYSMATRICULAS.PAGO (PAGOCODIGO,MATRICULACODIGO,TIPOCOMPROBANTECODIGO,PAGOESTADO,PAGOMONTO) values ('00116','00116','00001','1','300');
Insert into SYSMATRICULAS.PAGO (PAGOCODIGO,MATRICULACODIGO,TIPOCOMPROBANTECODIGO,PAGOESTADO,PAGOMONTO) values ('00117','00117','00002','1','500');
Insert into SYSMATRICULAS.PAGO (PAGOCODIGO,MATRICULACODIGO,TIPOCOMPROBANTECODIGO,PAGOESTADO,PAGOMONTO) values ('00118','00118','00001','1','1000');
Insert into SYSMATRICULAS.PAGO (PAGOCODIGO,MATRICULACODIGO,TIPOCOMPROBANTECODIGO,PAGOESTADO,PAGOMONTO) values ('00119','00119','00001','1','500');
Insert into SYSMATRICULAS.PAGO (PAGOCODIGO,MATRICULACODIGO,TIPOCOMPROBANTECODIGO,PAGOESTADO,PAGOMONTO) values ('00120','00120','00003','1','500');
Insert into SYSMATRICULAS.PAGO (PAGOCODIGO,MATRICULACODIGO,TIPOCOMPROBANTECODIGO,PAGOESTADO,PAGOMONTO) values ('00121','00121','00002','1','300');
Insert into SYSMATRICULAS.PAGO (PAGOCODIGO,MATRICULACODIGO,TIPOCOMPROBANTECODIGO,PAGOESTADO,PAGOMONTO) values ('00122','00122','00003','1','400');
